,predicted_scores,similarity_scores
rxn00095_c,0.9999915380000001,0.617224860180914
rxn25164_c,0.999991276,0.5
rxn16718_c,0.999990844,0.48783614383551055
rxn18043_c,0.9999904220000001,0.6123724356957947
rxn00275_c,0.9999875040000001,0.5000072207900979
rxn23157_c,0.9999868519999999,0.47580022179918835
rxn23156_c,0.9999868519999999,0.47580022179918835
rxn11395_c,0.999985,0.9486832980505138
rxn00140_c,0.9999843079999999,0.7071527374977165
rxn00164_c,0.999983648,0.75
rxn26140_c,0.999983248,0.7559429883885416
rxn11734_c,0.9999831480000001,0.5669572365014737
rxn00194_c,0.9999829800000001,0.6859943405700353
rxn34203_c,0.9999826539999999,0.6499365964942583
rxn05525_c,0.999982388,0.6499365964942582
rxn08137_c,0.99998226,0.4472252209492351
rxn00647_c,0.99998217,0.5000072207900979
rxn00413_c,0.999981858,0.6708087700678467
rxn05064_c,0.9999817459999999,0.867109461152019
rxn09559_c,0.9999812899999998,0.6396172641463892
rxn00279_c,0.9999810800000001,0.75
rxn05469_c,0.999980946,0.6499365964942582
rxn00127_c,0.9999808980000001,0.6859943405700353
rxn05497_c,0.9999808760000001,0.6499365964942582
rxn00168_c,0.9999806720000001,0.7559429820019652
rxn29784_c,0.99998024,0.7427846817077237
rxn29791_c,0.99998024,0.6388796153123235
rxn29068_c,0.9999799280000001,0.8221119918478651
rxn05297_c,0.9999799280000001,0.6499365964942582
rxn00204_c,0.999979924,0.8273500796728136
rxn38853_c,0.999979548,0.8749837514623714
rxn00228_c,0.9999793520000001,0.6708378314238513
rxn00265_c,0.999979308,0.4714249451544965
rxn09696_c,0.999979108,0.6499365964942582
rxn29852_c,0.9999787720000001,0.6388796153123235
rxn00163_c,0.9999787619999999,0.6708378314238516
rxn01916_c,0.9999784499999999,0.7071527374977172
rxn00130_c,0.9999782399999999,0.6741903028927418
rxn10693_c,0.999978062,0.5555020622729302
rxn00230_c,0.9999780580000002,0.5669572365014737
rxn05630_c,0.999977848,0.6499365964942582
rxn19345_c,0.999977788,0.6123724356957946
rxn16626_c,0.999977756,0.8318966909957098
rxn12206_c,0.999977612,0.6859943405700353
rxn00260_c,0.9999774740000001,0.5000072207900979
rxn07200_c,0.9999774479999999,0.8018135013839487
rxn14245_c,0.999977136,0.6708378314238521
rxn29855_c,0.999977132,0.6499365964942582
rxn00133_c,0.999977088,0.6324308699302441
rxn00157_c,0.9999765400000001,0.6123724356957946
rxn11158_c,0.999976492,0.7071067811865475
rxn27537_c,0.999976492,0.8660028882722307
rxn00207_c,0.999976258,0.6804236436904832
rxn05488_c,0.999976252,0.6499365964942582
rxn07846_c,0.99997623,0.8320170129917028
rxn00009_c,0.99997623,0.7559429883885451
rxn20508_c,0.9999761639999999,0.6123724356957946
rxn00174_c,0.999975908,0.6859943405700353
rxn00136_c,0.9999757559999999,0.6324308699302441
rxn00135_c,0.9999757559999999,0.6324308699302441
rxn34006_c,0.999975302,0.5547057420902882
rxn00226_c,0.999975092,0.5256989559627193
rxn00176_c,0.999974594,0.5477367957145449
rxn25799_c,0.99997446,0.5000072207900979
rxn05887_c,0.9999744500000001,0.801813501383949
rxn34247_c,0.999974424,0.6499365964942583
rxn10591_c,0.9999744140000001,0.5669572365014737
rxn05465_c,0.9999744100000001,0.5477367957145451
rxn00365_c,0.9999738879999999,0.6708015015407099
rxn37154_c,0.9999738740000002,0.5714431045394571
rxn00287_c,0.9999738059999999,0.6324308699302438
rxn00067_c,0.9999737459999999,0.6681394579494898
rxn00234_c,0.9999736799999999,0.5163664561593054
rxn00614_c,0.9999732659999999,0.6030298143460753
rxn00106_c,0.99997317,0.7878191753281284
rxn34022_c,0.999973132,0.8683574916408737
rxn04960_c,0.9999731319999998,0.5773877923605677
rxn10792_c,0.9999731040000001,1.0
rxn38855_c,0.9999730079999999,0.8749837514623713
rxn15696_c,0.9999729199999999,0.5163664561593039
rxn21408_c,0.9999727980000002,0.5256989559627193
rxn00366_c,0.999972766,0.787819175328127
rxn00144_c,0.9999725739999998,0.7462113242181058
rxn18960_c,0.9999725739999998,0.7462113242181058
rxn15019_c,0.9999725739999998,0.7462113242181058
rxn26081_c,0.9999725700000001,0.749967502924743
rxn08014_c,0.9999725079999999,0.732722902035313
rxn10054_c,0.999972484,0.6741903028927416
rxn00281_c,0.999972412,0.6123724356957946
rxn00177_c,0.9999721099999999,0.5669326753552317
rxn00185_c,0.999972082,0.6804236436904834
rxn10157_c,0.99997198,0.8944271909999159
rxn10154_c,0.99997198,0.9486832980505138
rxn00273_c,0.999971872,0.6123724356957946
rxn00274_c,0.999971872,0.6123724356957946
rxn32338_c,0.9999718179999999,0.7999896017469086
rxn09222_c,0.9999717560000001,0.5669572365014737
rxn00229_c,0.999971594,0.5773402637260188
rxn00098_c,0.999971506,0.7473941323621037
rxn25528_c,0.999971228,0.5256989559627194
rxn01377_c,0.9999711339999999,0.7071527374977187
rxn00188_c,0.999970924,0.8411890479666808
rxn00158_c,0.9999709080000001,0.804077489987624
rxn37372_c,0.99997086,0.8198859943580203
rxn10604_c,0.9999708500000001,0.6499365964942582
rxn36655_c,0.999970802,0.5000072207900979
rxn24940_c,0.9999704919999999,0.8356678527448964
rxn00152_c,0.9999704360000001,0.5714126559714823
rxn00197_c,0.9999702600000001,0.6666666666666667
rxn26142_c,0.999970214,0.6708087700678482
rxn26396_c,0.99997008,0.5
rxn04651_c,0.9999699919999999,0.6708015015407103
rxn05578_c,0.999969458,0.6499365964942582
rxn00301_c,0.9999693159999999,0.8291512993821728
rxn13139_c,0.999969174,0.9310289187299436
rxn09690_c,0.9999690999999998,0.6499365964942582
rxn11324_c,0.9999690999999998,0.6499365964942582
rxn07449_c,0.9999689679999999,0.5163664561593039
rxn15695_c,0.9999689679999999,0.5163664561593039
rxn27954_c,0.9999687859999999,0.7769099219110243
rxn38911_c,0.9999687500000001,0.6859943405700353
rxn00421_c,0.9999687420000001,0.6761095939888515
rxn08667_c,0.99996872,0.6123724356957946
rxn38902_c,0.9999685060000001,0.7999896017469086
rxn00463_c,0.999968412,0.7537667828335197
rxn00620_c,0.99996829,0.7499675029247411
rxn33886_c,0.999968104,0.4307153779868633
rxn33418_c,0.999968104,0.4307153779868633
rxn10112_c,0.999968076,0.9954039465097708
rxn10139_c,0.9999680120000001,0.8280807216698578
rxn16317_c,0.999968004,0.7327229020353131
rxn00232_c,0.9999678519999999,0.7499675029247429
rxn00393_c,0.9999675940000001,0.44722522094923445
rxn00767_c,0.999967384,0.6761095939888516
rxn00408_c,0.9999671600000001,0.7473941323621037
rxn00233_c,0.999967112,0.599979203493817
rxn03653_c,0.999967102,0.6933685704011973
rxn39058_c,0.9999670720000001,0.5669572365014737
rxn00142_c,0.999966796,0.6741903028927418
rxn00565_c,0.999966768,0.7454248842004291
rxn00706_c,0.999966616,0.7878191753281284
rxn00161_c,0.999966522,0.5999792034938173
rxn05058_c,0.999966454,0.8946390626503999
rxn24108_c,0.9999663639999999,0.6859943405700353
rxn11174_c,0.999966328,0.75
rxn13688_c,0.9999662260000001,0.9745592073973306
rxn35347_c,0.9999662260000001,0.9745592073973306
rxn38903_c,0.9999659339999999,0.7999896017469086
rxn00180_c,0.999965856,0.7999896017469084
rxn18045_c,0.9999658339999999,0.75
rxn30243_c,0.9999658339999999,0.75
rxn10791_c,0.9999657479999999,0.8946215758975874
rxn08688_c,0.9999656619999999,0.6579836065058995
rxn00150_c,0.9999654899999999,0.8447385138078422
rxn33986_c,0.999965456,0.5547057420902881
rxn00104_c,0.9999653559999999,0.6761095939888514
rxn09678_c,0.9999653559999999,0.6499365964942582
rxn00513_c,0.999965334,0.7473941323621035
rxn00621_c,0.999965244,0.5
rxn00236_c,0.999965194,0.7878191753281284
rxn15434_c,0.9999651719999999,0.8615494087433648
rxn23383_c,0.999964872,0.6324308699302438
rxn08518_c,0.999964712,0.6859943405700353
rxn03938_c,0.999964638,0.7171202984927928
rxn00171_c,0.9999642900000001,0.6933685704011973
rxn00373_c,0.9999642400000001,0.6859943405700353
rxn09245_c,0.9999639779999999,0.4472252209492341
rxn23414_c,0.99996395,0.7714567811449564
rxn05109_c,0.9999637339999999,0.6666666666666667
rxn00291_c,0.999963688,0.5000072207900979
rxn08020_c,0.9999635440000001,0.7327229020353131
rxn37018_c,0.9999634719999999,0.7999896017469084
rxn19118_c,0.9999633960000001,0.6804236436904834
rxn29736_c,0.999963242,0.6499365964942583
rxn29868_c,0.999963242,0.6499365964942582
rxn13414_c,0.99996297,0.8946215758975874
rxn00504_c,0.9999628900000002,0.7950730869508819
rxn10878_c,0.9999625240000001,0.7142759460889254
rxn09897_c,0.9999625059999999,0.7559211482160542
rxn09487_c,0.9999624920000001,0.8447385138078422
rxn26454_c,0.9999622779999999,0.70706082188839
rxn00341_c,0.999962236,0.8411890479666808
rxn10008_c,0.9999620379999999,0.6996062446005054
rxn09565_c,0.999961712,0.5999792034938172
rxn30023_c,0.999961614,0.857137551990494
rxn00926_c,0.9999615720000001,0.6741903028927416
rxn08434_c,0.999961088,0.6324308699302449
rxn23045_c,0.9999610600000001,0.674183930403215
rxn34741_c,0.9999609459999999,0.732722902035313
rxn33589_c,0.999960806,0.75
rxn08679_c,0.999960686,0.6741903028927418
rxn29872_c,0.999960568,0.6499365964942582
rxn13147_c,0.9999603800000001,0.6761095939888512
rxn00383_c,0.99996025,0.6804236436904834
rxn00569_c,0.99996011,0.9370274304409572
rxn05291_c,0.999959978,0.9987839529667398
rxn34011_c,0.999959924,0.5714126559714813
rxn00099_c,0.999959584,0.7618661460666322
rxn08463_c,0.99995942,0.4082659784814797
rxn04791_c,0.99995942,0.40826597848147905
rxn23413_c,0.9999593680000001,0.781745202476646
rxn33967_c,0.999959234,0.8888856796256723
rxn32805_c,0.9999592180000001,0.7999896017469085
rxn04004_c,0.9999590319999999,0.8198859943580201
rxn30075_c,0.9999589440000001,0.7142751039809884
rxn23730_c,0.9999588779999999,0.6350059597082818
rxn00093_c,0.9999588679999999,0.6741903028927417
rxn08444_c,0.9999588679999999,0.6324308699302442
rxn09470_c,0.999958762,0.736553317773217
rxn09468_c,0.999958734,0.7363494397814063
rxn09466_c,0.999958614,0.7380136713870864
rxn09472_c,0.999958614,0.7366621780628225
rxn09465_c,0.999958614,0.7580326610663071
rxn13149_c,0.99995844,0.5217491947499511
rxn33879_c,0.999958132,0.5714126559714825
rxn30058_c,0.99995761,0.7999896017469084
rxn00734_c,0.9999575139999999,0.6713398439340204
rxn00829_c,0.9999573740000001,0.5713742330965925
rxn29962_c,0.999957122,0.75
rxn38886_c,0.9999570559999998,0.8333333333333335
rxn00245_c,0.999956826,0.4758002217991879
rxn15040_c,0.999956826,0.4758002217991879
rxn09467_c,0.9999563260000001,0.7516268068643679
rxn09469_c,0.999956302,0.7538468378482522
rxn00116_c,0.999956272,0.7878191753281266
rxn09464_c,0.9999562019999999,0.7712706271645189
rxn09471_c,0.9999562019999999,0.7565686139332629
rxn22819_c,0.9999562000000001,0.617224860180914
rxn09462_c,0.999956178,0.7417453255348526
rxn00257_c,0.999955868,0.6172248601809138
rxn08598_c,0.9999556220000001,0.7499675029247428
rxn00779_c,0.999955602,0.8447385138078419
rxn26338_c,0.999955598,0.7999896017469086
rxn22818_c,0.999955304,0.732722902035313
rxn19351_c,0.9999552679999999,0.5669677640755195
rxn34003_c,0.999954988,0.8854423481465985
rxn16140_c,0.9999548199999999,0.7277773835757845
rxn00114_c,0.9999547019999999,0.9238679981524283
rxn12217_c,0.9999546500000001,0.6708378314238517
rxn00507_c,0.9999544439999999,0.8447385138078423
rxn00370_c,0.999954086,0.6761095939888514
rxn33900_c,0.9999539000000001,0.7378754433061223
rxn00221_c,0.999953586,0.5669572365014737
rxn05493_c,0.999953484,0.6499365964942582
rxn33907_c,0.9999534720000002,0.7378754433061223
rxn25829_c,0.999953462,0.6741903028927418
rxn00613_c,0.9999531599999999,0.7999896017469087
rxn10862_c,0.99995303,0.8451479775642774
rxn00160_c,0.99995279,0.799989601746905
rxn00166_c,0.999952786,0.6666377816291192
rxn00249_c,0.9999527500000001,0.7171202984927927
rxn00064_c,0.999952386,0.6741903028927418
rxn32035_c,0.999952342,0.6425163319443705
rxn10951_c,0.9999523179999998,0.6707826076497165
rxn00568_c,0.9999520800000001,0.9263673926147198
rxn33990_c,0.9999520140000001,0.5164022540155179
rxn09167_c,0.99995189,0.4629186451356855
rxn00570_c,0.9999516319999999,0.599979203493817
rxn10665_c,0.9999515800000001,0.9290873617389288
rxn29867_c,0.999951392,0.6499365964942582
rxn23755_c,0.9999509699999999,0.599979203493817
rxn09632_c,0.99995086,0.8933168019327804
rxn13966_c,0.9999507519999999,0.816984805900246
rxn33754_c,0.9999505359999998,0.7999896017469084
rxn00271_c,0.9999505,0.755921148216054
rxn00407_c,0.999950468,0.7070883992594363
rxn16385_c,0.999950312,0.6030298143460754
rxn00451_c,0.999950248,0.6030298143460754
rxn00121_c,0.9999502419999999,0.7499675029247429
rxn21088_c,0.99995022,0.6944831967676286
rxn21089_c,0.99995022,0.6739638572247755
rxn21090_c,0.99995022,0.6739638572247755
rxn21081_c,0.99995022,0.6955876506220807
rxn21299_c,0.99995022,0.6640423233337006
rxn00109_c,0.9999499980000002,0.8198859943580202
rxn00429_c,0.9999496499999999,0.8198859943580203
rxn00372_c,0.999949554,0.7537667828335198
rxn10804_c,0.9999494500000001,0.6666666666666667
rxn11132_c,0.9999491880000001,0.6859943405700353
rxn10138_c,0.999949148,0.8451479775642774
rxn00270_c,0.9999491199999999,0.6928023127249107
rxn00963_c,0.999949076,0.7977186490296803
rxn09937_c,0.9999489619999998,0.6259238463160064
rxn22820_c,0.99994896,0.7070883992594432
rxn33975_c,0.999948764,0.7999896017469084
rxn14209_c,0.9999483999999998,0.816984805900246
rxn11004_c,0.999948332,0.617224860180914
rxn33940_c,0.999948232,0.75
rxn00284_c,0.999948192,0.7171202984927928
rxn13150_c,0.99994806,0.8090353738726914
rxn09402_c,0.999948004,0.6666377816291124
rxn00262_c,0.999947852,0.6804236436904834
rxn16646_c,0.999947652,0.8198859943580203
rxn14002_c,0.99994742,0.816984805900246
rxn23850_c,0.9999473099999999,0.8198859943580206
rxn00118_c,0.9999471679999999,0.6761095939888511
rxn00690_c,0.9999471159999999,0.6172248601809138
rxn23961_c,0.9999471,0.816984805900246
rxn16422_c,0.9999471,0.816984805900246
rxn29873_c,0.999946976,0.6499365964942582
rxn16368_c,0.999946958,0.6666666666666667
rxn00535_c,0.9999469320000001,0.5070712104134256
rxn00724_c,0.9999467419999999,0.5070712104134254
rxn09938_c,0.999946546,0.7142751039809884
rxn00252_c,0.999946514,0.599979203493815
rxn20839_c,0.999946456,0.6761095939888514
rxn05635_c,0.9999463499999999,0.8451479775642774
rxn01191_c,0.999946284,0.7765880855922471
rxn10860_c,0.9999462600000001,0.6499365964942582
rxn05559_c,0.9999462600000001,0.6499365964942582
rxn23076_c,0.999946214,0.6674073637124665
rxn02524_c,0.999946214,0.6674073637124665
rxn00516_c,0.99994602,0.7473941323621035
rxn00505_c,0.99994598,0.6708378314238524
rxn07450_c,0.999945762,0.5999792034938161
rxn30666_c,0.9999456,0.6951779510799045
rxn05909_c,0.9999455019999999,0.7302840875654699
rxn00190_c,0.99994544,0.8401530610723813
rxn13143_c,0.999945278,0.8432752611815657
rxn00467_c,0.9999450920000001,0.5000072207900979
rxn26848_c,0.99994509,0.7542494117323439
rxn09421_c,0.9999450480000001,0.9946604420068715
rxn08981_c,0.999944964,0.745347381093332
rxn10667_c,0.9999449460000001,0.9302124719899493
rxn00210_c,0.9999448340000001,0.6804236436904834
rxn07218_c,0.9999447660000002,0.789508010213254
rxn09420_c,0.9999447660000002,0.993809319582573
rxn24287_c,0.9999447660000002,0.8009645307078493
rxn00436_c,0.9999446940000001,0.7878191753281284
rxn05881_c,0.999944564,0.6804236436904834
rxn33952_c,0.999944184,0.857137551990494
rxn01349_c,0.9999441579999999,0.6123724356957946
rxn09014_c,0.999944116,0.75376678283352
rxn00418_c,0.999944086,0.5256989559627193
rxn14376_c,0.9999439000000001,0.8169848059002462
rxn15056_c,0.999943898,0.6708378314238514
rxn00703_c,0.999943884,0.632455532033676
rxn09925_c,0.99994374,0.7142751039809884
rxn00202_c,0.999943708,0.6666666666666667
rxn08066_c,0.99994359,0.6761095939888513
rxn11009_c,0.99994358,0.9191491494447899
rxn26298_c,0.99994358,0.9191491494447899
rxn27372_c,0.99994358,0.9191491494447898
rxn15057_c,0.999943212,0.6708378314238524
rxn10170_c,0.9999428,0.8451479775642774
rxn09919_c,0.999942798,0.7142751039809884
rxn35314_c,0.9999425380000002,0.9545433061562097
rxn01511_c,0.999942424,0.7878191753281277
rxn00696_c,0.9999423500000001,0.6761095939888514
rxn00458_c,0.9999423220000001,0.6859943405700353
rxn00623_c,0.9999421400000001,0.9431218491219857
rxn05155_c,0.9999421079999999,0.8451479775642774
rxn00961_c,0.999941998,0.7706684780507517
rxn30022_c,0.999941982,0.8571375519904941
rxn35580_c,0.999941782,0.6666377816291189
rxn00400_c,0.999941558,0.7324680902768703
rxn37733_c,0.999941558,0.7324680902768703
rxn15361_c,0.9999414519999998,0.8749837514623714
rxn00120_c,0.9999413460000002,0.7473941323621034
rxn23650_c,0.9999413,0.8630238854984402
rxn23629_c,0.999940774,0.7999896017469084
rxn30073_c,0.9999405280000001,0.8999896012062619
rxn14165_c,0.999940462,0.8169848059002462
rxn05152_c,0.9999404440000002,0.8451479775642774
rxn37382_c,0.999940372,0.8447385138078422
rxn34028_c,0.9999402380000001,0.7427846817077237
rxn00465_c,0.999940088,0.8411890479666809
rxn16240_c,0.999940086,0.8169848059002458
rxn17073_c,0.999940086,0.8169848059002458
rxn00688_c,0.999939814,0.7324680902768702
rxn12362_c,0.9999395520000001,0.9090887607524345
rxn04782_c,0.999939442,0.6859943405700353
rxn33948_c,0.9999394200000001,0.5000072207900979
rxn09519_c,0.9999393699999999,0.6395958517607776
rxn00709_c,0.9999391299999999,0.6708015015407103
rxn01190_c,0.9999391260000001,0.7706684780507518
rxn05496_c,0.9999388999999999,0.6499365964942582
rxn12897_c,0.9999388440000001,0.8356678527448964
rxn00010_c,0.9999387919999998,0.6761095939888513
rxn11735_c,0.9999387860000001,0.7559184188597893
rxn00547_c,0.999938666,0.7999896017469084
rxn01864_c,0.999938606,0.7765880855922473
rxn08022_c,0.999938606,0.7327229020353131
rxn10883_c,0.9999385140000001,0.8451479775642774
rxn05160_c,0.9999383780000001,0.8451479775642774
rxn05644_c,0.9999383780000001,0.8451479775642774
rxn10151_c,0.9999383099999999,0.8221119918478651
rxn05217_c,0.9999383099999999,0.6499365964942582
rxn10155_c,0.9999383099999999,0.8719814464956077
rxn00589_c,0.9999382499999999,0.8040252381443751
rxn00327_c,0.9999380099999999,0.8703985641051918
rxn00338_c,0.9999379339999999,0.6324308699302441
rxn25052_c,0.9999378760000001,0.7999896017469081
rxn00374_c,0.9999377,0.5
rxn27860_c,0.99993768,0.857137551990494
rxn09502_c,0.9999375780000002,0.7999896017469084
rxn16289_c,0.99993749,0.7324680902768703
rxn09908_c,0.9999373219999999,0.7144576057552338
rxn04054_c,0.9999372799999999,0.599979203493817
rxn20617_c,0.999937228,0.7216878364870323
rxn00339_c,0.9999372260000001,0.7559184188597893
rxn00599_c,0.9999371979999999,0.560112033611204
rxn16793_c,0.999936924,0.6708015015407103
rxn00391_c,0.9999369179999998,0.5669572365014737
rxn05146_c,0.9999366479999999,0.8451479775642774
rxn00959_c,0.99993634,0.7715177067004024
rxn34026_c,0.999936334,0.9198628666356667
rxn18435_c,0.99993604,0.8451479775642774
rxn00439_c,0.9999359419999999,0.7473941323621035
rxn04368_c,0.999935912,0.5999792034938112
rxn21128_c,0.999935608,0.6872252231154812
rxn24284_c,0.999935608,0.6524965295662898
rxn09912_c,0.9999351759999999,0.6299288317138602
rxn08547_c,0.999935086,0.5333585518279609
rxn08430_c,0.9999350719999999,0.5669572365014737
rxn23648_c,0.999934966,0.8280663703086254
rxn29996_c,0.999934834,0.8527983869046055
rxn09221_c,0.9999345099999999,0.6761095939888514
rxn05237_c,0.9999345099999999,0.8451479775642774
rxn09452_c,0.99993441,0.7327229020353129
rxn00401_c,0.9999342920000001,0.5773402637260185
rxn09429_c,0.99993398,0.9534345258290798
rxn28899_c,0.999933746,0.7111887749987416
rxn34004_c,0.99993374,0.6666763000192049
rxn34424_c,0.9999336260000001,0.6980998813039034
rxn21651_c,0.999933432,0.7324680902768703
rxn21636_c,0.999933432,0.7324680902768703
rxn37383_c,0.999933296,0.8198859943580203
rxn04724_c,0.999933088,0.8040252381443753
rxn01209_c,0.9999328999999999,0.8451479775642774
rxn36934_c,0.9999327920000001,0.7878191753281284
rxn12881_c,0.999932626,0.9244974513473897
rxn10583_c,0.9999323419999999,0.7473941323621035
rxn11676_c,0.999932154,0.632471972901711
rxn18355_c,0.9999320599999999,0.8451479775642774
rxn18908_c,0.9999320599999999,0.8451479775642774
rxn10114_c,0.9999318479999999,0.8775249775369303
rxn16659_c,0.9999317,0.7765880855922473
rxn00595_c,0.9999316979999999,0.7759314897884744
rxn15081_c,0.999931694,0.7999896017469084
rxn04953_c,0.999931604,0.7324680902768702
rxn00914_c,0.99993131,0.6708015015407104
rxn08021_c,0.999931046,0.7327229020353131
rxn20837_c,0.999931026,0.6761095939888514
rxn30308_c,0.9999307399999999,0.5656560136747122
rxn05176_c,0.99993047,0.8451479775642774
rxn00018_c,0.999930404,0.7462043977626674
rxn04748_c,0.9999303879999999,0.7706684780507518
rxn20843_c,0.9999303879999999,0.7706684780507517
rxn05938_c,0.99993008,0.5625526870355331
rxn01863_c,0.9999300339999999,0.7706684780507517
rxn05165_c,0.9999300200000001,0.8451479775642774
rxn38843_c,0.999929738,0.5476893335771491
rxn00069_c,0.999929724,0.7777713592513442
rxn08441_c,0.999929702,0.6324308699302449
rxn05235_c,0.9999296440000001,0.6761095939888497
rxn09927_c,0.9999294799999999,0.7126841468212743
rxn00247_c,0.999929298,0.5999792034938161
rxn29995_c,0.99992917,0.4743026002941122
rxn13394_c,0.9999290719999999,0.6761095939888514
rxn05059_c,0.999929038,0.7106591644089598
rxn05154_c,0.9999290000000002,0.8451479775642774
rxn01826_c,0.9999288819999999,0.7378711808773225
rxn30302_c,0.9999288200000003,0.7559211482160539
rxn00280_c,0.9999288200000003,0.7559211482160538
rxn38844_c,0.99992877,0.5476893335771478
rxn05147_c,0.99992868,0.8451479775642774
rxn08067_c,0.99992853,0.6761095939888515
rxn00156_c,0.999928472,0.5714126559714825
rxn04137_c,0.9999282880000001,0.7171202984927929
rxn08443_c,0.9999281159999999,0.7499675029247438
rxn10434_c,0.999927684,0.599979203493817
rxn10901_c,0.9999276399999999,0.6499365964942582
rxn10158_c,0.9999276399999999,0.8944271909999159
rxn10152_c,0.9999276399999999,0.9486832980505138
rxn04000_c,0.9999276179999999,0.8630238854984383
rxn23604_c,0.9999273599999998,0.7378711808773225
rxn23606_c,0.9999273599999998,0.7378711808773225
rxn23607_c,0.9999273599999998,0.7378711808773225
rxn23608_c,0.9999273599999998,0.7378711808773225
rxn00325_c,0.9999272080000001,0.6804236436904834
rxn03882_c,0.99992711,0.7427737698717383
rxn05156_c,0.999926922,0.8451479775642774
rxn07217_c,0.9999268560000001,0.9918574014485774
rxn00744_c,0.999926552,0.6708015015407103
rxn00375_c,0.9999264999999999,0.5000072207900979
rxn00351_c,0.999926462,0.7142751039809884
rxn16459_c,0.9999263280000001,0.7303157276193935
rxn14080_c,0.9999263280000001,0.7303157276193935
rxn11530_c,0.9999263280000001,0.7303157276193935
rxn23646_c,0.9999263280000001,0.7303157276193932
rxn16736_c,0.9999263280000001,0.7303157276193935
rxn16002_c,0.9999263280000001,0.7303157276193935
rxn14233_c,0.9999263280000001,0.7303157276193935
rxn11885_c,0.9999263280000001,0.7303157276193935
rxn07462_c,0.9999263280000001,0.7303157276193935
rxn16729_c,0.9999263280000001,0.7303157276193935
rxn00306_c,0.999926228,0.6666666666666667
rxn14127_c,0.9999261519999999,0.8169848059002458
rxn06655_c,0.9999261519999999,0.8442309731398665
rxn14161_c,0.9999261519999999,0.816984805900246
rxn13986_c,0.9999261519999999,0.8169848059002458
rxn13984_c,0.9999261519999999,0.8169848059002462
rxn14237_c,0.9999261519999999,0.816984805900246
rxn14285_c,0.9999261519999999,0.8169848059002462
rxn14305_c,0.9999261519999999,0.8169848059002462
rxn11673_c,0.9999261519999999,0.7968213743150887
rxn23546_c,0.9999261519999999,0.7111887749987416
rxn36935_c,0.999926122,0.7878191753281284
rxn30524_c,0.9999258839999999,0.8705941308948493
rxn00125_c,0.9999257119999999,0.7559205253512347
rxn11733_c,0.99992561,0.6708087700678416
rxn05232_c,0.9999254220000001,0.6761095939888503
rxn25932_c,0.999925262,0.7706684780507517
rxn25934_c,0.999925262,0.7706684780507517
rxn00537_c,0.999925112,0.7473941323621035
rxn01491_c,0.999924794,0.75
rxn00396_c,0.999924744,0.6708015015407103
rxn01971_c,0.999924682,0.6761095939888514
rxn30765_c,0.99992468,0.7999896017469084
rxn00485_c,0.99992456,0.8078174014186407
rxn00244_c,0.9999244700000001,0.5999792034938167
rxn10768_c,0.9999243480000001,0.6324308699302441
rxn00201_c,0.9999240979999999,0.5669572365014734
rxn00200_c,0.9999240979999999,0.5669572365014737
rxn10761_c,0.999923768,0.7324680902768703
rxn12216_c,0.99992362,0.8864007716522708
rxn12661_c,0.999923398,0.6928023127249107
rxn09926_c,0.999923352,0.7143547424109798
rxn23854_c,0.999923106,0.5070712104134254
rxn18579_c,0.999922994,0.8451479775642774
rxn00419_c,0.9999229279999999,0.6761095939888513
rxn09433_c,0.999922514,0.9534345258290797
rxn01189_c,0.9999224919999999,0.857137551990494
rxn30246_c,0.999922192,0.75
rxn15030_c,0.9999221,0.5669572365014737
rxn15095_c,0.999921928,0.5669572365014737
rxn09517_c,0.9999218559999999,0.7878191753281284
rxn15102_c,0.9999215979999999,0.6324555320336759
rxn00674_c,0.999921456,0.732722902035313
rxn30478_c,0.99992126,0.9933258402522619
rxn33878_c,0.9999211779999999,0.5714431045394575
rxn03906_c,0.999921136,0.8040252381443751
rxn04745_c,0.9999211179999999,0.8040252381443753
rxn00480_c,0.9999210599999999,0.6556145529196522
rxn00880_c,0.999920792,0.599979203493817
rxn09516_c,0.999920524,0.7473941323621035
rxn00572_c,0.9999204260000001,0.7911570903508212
rxn00489_c,0.999920414,0.5773402637260195
rxn21647_c,0.9999203779999999,0.717125625232295
rxn19918_c,0.9999203680000001,0.6859523774786884
rxn09336_c,0.99991988,0.7473941323621037
rxn02218_c,0.9999197479999999,0.6135879410627166
rxn00405_c,0.9999194599999999,0.6859943405700353
rxn05093_c,0.999919354,0.677771236917265
rxn30315_c,0.9999192600000001,0.9307600704203471
rxn20834_c,0.9999192600000001,0.85282302606691
rxn01035_c,0.999919044,0.7327229020353129
rxn00971_c,0.999918944,0.7142751039809884
rxn00920_c,0.9999186520000001,0.6396172641463892
rxn20235_c,0.9999184720000001,0.5000072207900979
rxn00774_c,0.999918378,0.7559184188597892
rxn04666_c,0.9999183700000002,0.7324680902768703
rxn00254_c,0.999918302,0.5
rxn06556_c,0.9999182019999999,0.6324308699302441
rxn33085_c,0.9999180280000001,0.7911570903508212
rxn00835_c,0.999918028,0.6708015015407104
rxn15103_c,0.999917702,0.6324555320336759
rxn00943_c,0.999917656,0.6324308699302449
rxn21591_c,0.9999176399999999,0.6030298143460754
rxn34002_c,0.999917604,0.8393538851135589
rxn18584_c,0.999917522,0.8451479775642774
rxn23244_c,0.99991743,0.8844823347978692
rxn09458_c,0.9999173640000001,0.8268981387571364
rxn00544_c,0.9999170979999998,0.5773752838240305
rxn23589_c,0.9999170320000001,0.6741903028927418
rxn39017_c,0.99991694,0.8451479775642774
rxn01297_c,0.9999167740000001,0.7303157276193938
rxn00479_c,0.9999165019999999,0.5773402637260195
rxn09437_c,0.9999164159999999,0.9602594999007862
rxn09907_c,0.9999163879999999,0.7142751039809884
rxn09964_c,0.99991631,0.8198859943580206
rxn15151_c,0.9999160939999999,0.599979203493817
rxn20221_c,0.9999160939999999,0.599979203493817
rxn00170_c,0.999915458,0.7303157276193935
rxn01730_c,0.9999153239999998,0.7142751039809883
rxn00697_c,0.999914978,0.7499675029247429
rxn02855_c,0.9999144940000001,0.7453473810933321
rxn00960_c,0.999914382,0.8017986131459544
rxn23441_c,0.999913806,0.7706684780507517
rxn13787_c,0.999913806,0.6708552709577683
rxn16411_c,0.999913806,0.8451723900035757
rxn12746_c,0.999913806,0.7706684780507517
rxn00440_c,0.9999137579999999,0.6502146648808066
rxn16057_c,0.9999135219999999,0.7697948004731177
rxn10839_c,0.99991344,0.8451479775642774
rxn00343_c,0.999912892,0.755942982001965
rxn05151_c,0.999912668,0.8451479775642774
rxn02547_c,0.9999126620000001,0.8571375519904942
rxn21082_c,0.9999126199999999,0.6324308699302449
rxn08445_c,0.9999124979999999,0.7499675029247437
rxn05164_c,0.999912124,0.8451479775642774
rxn05172_c,0.999911998,0.8451479775642774
rxn00312_c,0.999911926,0.5773402637260195
rxn00220_c,0.999911618,0.5669572365014737
rxn18585_c,0.9999114,0.8451479775642774
rxn19811_c,0.9999113959999999,0.5669572365014737
rxn01221_c,0.9999113279999999,0.7878191753281284
rxn25282_c,0.999911308,0.648890123336224
rxn11263_c,0.9999112,0.8451479775642774
rxn05163_c,0.9999112,0.8451479775642774
rxn07524_c,0.9999111660000001,0.7324680902768703
rxn18678_c,0.9999111600000001,0.8451479775642774
rxn00263_c,0.999910964,0.6804236436904834
rxn16355_c,0.999910842,0.7499999999999999
rxn09936_c,0.9999107539999998,0.7142751039809884
rxn09935_c,0.9999107539999998,0.7142751039809884
rxn29769_c,0.999910618,0.8451479775642774
rxn10144_c,0.9999103720000001,0.8451479775642774
rxn01375_c,0.99991022,0.8749837514623716
rxn22533_c,0.999910042,0.7324680902768703
rxn03173_c,0.999909938,0.7537667828335204
rxn30014_c,0.999909938,0.6674073637124667
rxn37987_c,0.999909898,0.8451479775642774
rxn05171_c,0.9999097459999999,0.8451479775642774
rxn05615_c,0.9999089980000001,0.6499365964942582
rxn09672_c,0.9999089980000001,0.6499365964942582
rxn05950_c,0.9999088239999999,0.7324680902768703
rxn10091_c,0.999908786,0.7348150825822709
rxn05123_c,0.99990832,0.7142751039809885
rxn08604_c,0.99990832,0.7142751039809885
rxn08775_c,0.9999082739999998,0.75
rxn11262_c,0.99990803,0.9999999999999999
rxn23498_c,0.9999079399999999,0.6885239094079645
rxn00873_c,0.999907788,0.7327229020353125
rxn20780_c,0.999907672,0.7999896017469084
rxn00771_c,0.999907672,0.6761095939888514
rxn03900_c,0.9999068680000001,0.6708015015407103
rxn00486_c,0.999906652,0.7302587708951555
rxn11560_c,0.9999064799999999,0.7324680902768703
rxn05113_c,0.9999064799999999,0.7324680902768703
rxn00594_c,0.9999064719999999,0.7759314897884743
rxn01467_c,0.999906298,0.6674073637124668
rxn07448_c,0.999906298,0.6674073637124667
rxn07447_c,0.999906298,0.6674073637124668
rxn01468_c,0.999906298,0.6674073637124668
rxn12058_c,0.999906298,0.6674073637124667
rxn16811_c,0.999906298,0.6674073637124667
rxn00070_c,0.999906296,0.707116992925835
rxn00344_c,0.9999062200000001,0.599979203493817
rxn01427_c,0.9999058120000001,0.732722902035313
rxn10869_c,0.999905734,0.7324680902768702
rxn02554_c,0.99990568,0.7559211482160542
rxn04426_c,0.99990568,0.7324680902768703
rxn10045_c,0.999905572,0.8451535572911179
rxn10046_c,0.999905572,0.9018598704799768
rxn25163_c,0.999905298,0.7302587708951538
rxn25474_c,0.999905268,0.7324680902768703
rxn23485_c,0.999905228,0.5163664561593042
rxn02577_c,0.9999048719999999,0.857137551990494
rxn05922_c,0.99990482,0.6666088915850666
rxn05923_c,0.99990482,0.6666088915850694
rxn04995_c,0.9999047900000001,0.8268981387571364
rxn09460_c,0.9999047900000001,0.8268981387571364
rxn04994_c,0.9999047900000001,0.8268981387571364
rxn26301_c,0.99990472,0.5999792034938172
rxn05161_c,0.9999044699999999,0.8451479775642774
rxn09459_c,0.999904402,0.8268981387571364
rxn21891_c,0.9999043999999999,0.6708015015407103
rxn15435_c,0.9999043999999999,0.6708015015407104
rxn00571_c,0.9999043820000001,0.7303157276193938
rxn00934_c,0.9999042539999999,0.6666666666666667
rxn03051_c,0.999904154,0.7542494117323439
rxn00086_c,0.9999040959999999,0.7216878364870323
rxn00022_c,0.9999040720000002,0.6123724356957946
rxn33698_c,0.99990383,0.7999896017469084
rxn03394_c,0.99990349,0.7324680902768699
rxn07739_c,0.9999032760000001,0.5070712104134254
rxn00037_c,0.9999032760000001,0.6655173527965679
rxn23510_c,0.9999032719999998,0.47580022179918824
rxn16543_c,0.9999032719999998,0.47580022179918635
rxn22133_c,0.9999027,0.6761095939888517
rxn14009_c,0.9999027,0.6761095939888517
rxn16714_c,0.9999027,0.6761095939888517
rxn14096_c,0.9999027,0.7537961747364983
rxn33333_c,0.9999026260000001,0.5422929715968694
rxn00298_c,0.9999026000000001,0.8999948008734552
rxn20875_c,0.9999019920000001,0.7324680902768703
rxn03741_c,0.9999019920000001,0.7324680902768703
rxn00466_c,0.999901758,0.7324680902768702
rxn05159_c,0.999901734,0.8451479775642774
rxn11358_c,0.9999017080000001,0.5
rxn13530_c,0.9999017080000001,0.5
rxn04952_c,0.99990144,0.6761095939888515
rxn03563_c,0.9999011440000001,0.7324680902768703
rxn18575_c,0.999900892,0.8451479775642774
rxn25273_c,0.9999008739999999,0.544338914952386
rxn00766_c,0.9999008,0.7473941323621035
rxn00982_c,0.99990057,0.6030298143460754
rxn08668_c,0.99990043,0.632430869930246
rxn15112_c,0.9999002319999999,0.7559184188597892
rxn14020_c,0.999900126,0.7324680902768703
rxn01571_c,0.999900062,0.7327229020353128
rxn03297_c,0.999900032,0.7324680902768703
rxn18905_c,0.999899832,0.8451479775642773
rxn01590_c,0.9998997639999999,0.7327229020353127
rxn22130_c,0.9998995980000001,0.7878191753281284
rxn14186_c,0.999899492,0.7324680902768703
rxn17394_c,0.9998993200000001,0.7324680902768703
rxn18458_c,0.999899282,0.8451479775642774
rxn10056_c,0.999899012,0.5999792034938173
rxn26035_c,0.99989887,0.5330271433565641
rxn13802_c,0.9998988240000001,1.0
rxn37361_c,0.9998984879999998,0.7324680902768703
rxn00853_c,0.999898484,0.8411890479666809
rxn36531_c,0.999898112,0.8447385138078422
rxn05179_c,0.999898084,0.8451479775642774
rxn01514_c,0.9998978920000001,0.7473941323621035
rxn05117_c,0.9998977979999999,0.7745933139976826
rxn05622_c,0.9998975999999999,0.8451479775642774
rxn05539_c,0.99989737,0.8451479775642774
rxn00844_c,0.9998971579999999,0.7324680902768703
rxn30324_c,0.9998971320000001,0.636355043009738
rxn05555_c,0.99989702,0.8451479775642774
rxn12777_c,0.999896876,0.8333333333333335
rxn05168_c,0.999896704,0.8451479775642774
rxn25872_c,0.9998964619999999,0.8630238854984381
rxn02541_c,0.9998964300000001,0.7324680902768703
rxn10842_c,0.9998964059999998,0.8451479775642774
rxn01344_c,0.999896394,0.6708378314238516
rxn04986_c,0.9998959,0.7324680902768703
rxn04984_c,0.999895692,0.7324680902768703
rxn04392_c,0.99989548,0.7324680902768703
rxn07116_c,0.99989548,0.8263396351872905
rxn04607_c,0.99989548,0.8571703443913203
rxn16356_c,0.999895256,0.717125625232295
rxn02401_c,0.9998951540000001,0.6708015015407103
rxn07592_c,0.9998947599999999,0.7324680902768703
rxn06166_c,0.9998947599999999,0.8263396351872905
rxn01765_c,0.9998947599999999,0.7324680902768703
rxn00324_c,0.99989431,0.7171202984927927
rxn37050_c,0.9998941400000001,0.6135879410627166
rxn21193_c,0.9998939979999999,0.7662890008304759
rxn20874_c,0.999893958,0.7324680902768703
rxn20873_c,0.999893958,0.7324680902768703
rxn00736_c,0.999893924,0.6859943405700353
rxn14052_c,0.9998938340000001,0.7324680902768703
rxn37982_c,0.9998938340000001,0.8451479775642774
rxn00322_c,0.9998937980000001,0.6859943405700353
rxn11739_c,0.999893736,0.7324680902768703
rxn01340_c,0.999893736,0.7324680902768703
rxn00268_c,0.9998936800000001,0.6761095939888515
rxn00402_c,0.9998936539999999,0.7559211482160538
rxn26989_c,0.99989364,0.7324680902768703
rxn26988_c,0.99989364,0.7324680902768703
rxn26990_c,0.9998936220000001,0.7542494117323435
rxn01811_c,0.9998935659999999,0.7324680902768703
rxn26986_c,0.9998935659999999,0.7324680902768703
rxn26984_c,0.999893406,0.7324680902768703
rxn01585_c,0.999893406,0.7324680902768703
rxn26987_c,0.999893406,0.7324680902768703
rxn23860_c,0.9998933600000001,0.5286252934157954
rxn00654_c,0.999893356,0.8411890479666806
rxn00672_c,0.9998931719999999,0.6859943405700353
rxn13140_c,0.9998930139999999,0.9310289187299436
rxn03283_c,0.9998929700000001,0.7324680902768703
rxn00103_c,0.999892784,0.6708378314238513
rxn13726_c,0.99989224,0.8989346842144065
rxn10122_c,0.99989224,0.8983180714386131
rxn18902_c,0.999892078,0.8451479775642774
rxn15272_c,0.999891506,0.6708015015407102
rxn05882_c,0.999891476,0.6859943405700353
rxn15952_c,0.99989138,0.7499675029247429
rxn07523_c,0.99989123,0.8571375519904941
rxn05491_c,0.9998910860000001,0.6499365964942582
rxn21779_c,0.9998907100000001,0.7999896017469084
rxn10584_c,0.999890628,0.7473941323621035
rxn11277_c,0.9998905639999999,0.6499365964942582
rxn09663_c,0.9998905639999999,0.6499365964942582
rxn17064_c,0.9998905459999999,0.4285502079619766
rxn37988_c,0.9998905199999999,0.8451479775642774
rxn16503_c,0.999890512,0.6741903028927418
rxn02260_c,0.9998902020000001,0.7142751039809885
rxn18450_c,0.999889988,0.8451479775642774
rxn13794_c,0.999889754,0.8451479775642774
rxn08459_c,0.9998897099999999,0.7745933139976826
rxn05169_c,0.999889692,0.8451479775642774
rxn13842_c,0.9998895899999999,0.8398378995893725
rxn13886_c,0.999889366,0.8451479775642774
rxn13203_c,0.999889202,0.6859943405700353
rxn24344_c,0.999889202,0.6859943405700353
rxn30746_c,0.999889188,0.6761095939888513
rxn16346_c,0.999888952,0.5714431045394571
rxn03631_c,0.9998889200000001,0.8072041087972357
rxn03632_c,0.9998889200000001,0.8072041087972357
rxn05157_c,0.9998887900000002,0.8451479775642774
rxn29771_c,0.9998886859999999,0.8451479775642774
rxn01497_c,0.999888454,0.6181361805660747
rxn04979_c,0.9998881579999999,0.7324680902768703
rxn30880_c,0.999887652,0.6708378314238513
rxn26892_c,0.999887162,0.7324680902768703
rxn02063_c,0.999887162,0.7324680902768703
rxn04235_c,0.9998870420000001,0.7142751039809884
rxn13918_c,0.9998868780000001,0.8451479775642774
rxn01823_c,0.9998865,0.7324680902768703
rxn01822_c,0.9998865,0.7324680902768703
rxn00512_c,0.999886122,0.7171202984927927
rxn22716_c,0.999886114,0.8333044457925356
rxn18906_c,0.999886038,0.8451479775642774
rxn09370_c,0.9998858220000001,0.737875443306123
rxn29239_c,0.999885514,0.8571375519904941
rxn01182_c,0.999885226,0.7327229020353128
rxn01677_c,0.999885062,0.7473941323621037
rxn09910_c,0.9998847640000001,0.7082174055976561
rxn18904_c,0.999884644,0.8451479775642773
rxn10168_c,0.9998844,0.8451479775642774
rxn09457_c,0.999884214,0.7542494117323439
rxn23238_c,0.999884108,0.599979203493817
rxn09960_c,0.999883538,0.8198859943580205
rxn11659_c,0.999883436,0.7698114760531198
rxn00989_c,0.9998834219999999,0.6324308699302438
rxn36499_c,0.999883402,0.8447385138078419
rxn12991_c,0.9998832679999999,0.8356678527448966
rxn01842_c,0.9998832179999999,0.7662890008304758
rxn09564_c,0.999882822,0.5070712104134257
rxn09424_c,0.9998825840000001,0.9925663993964066
rxn03388_c,0.9998825539999998,0.7324680902768703
rxn14164_c,0.9998825539999998,0.7324680902768703
rxn23293_c,0.9998825539999998,0.7324680902768703
rxn04888_c,0.9998825539999998,0.7324680902768703
rxn02726_c,0.9998825539999998,0.7324680902768703
rxn14053_c,0.9998825539999998,0.7324680902768703
rxn14072_c,0.9998825539999998,0.7324680902768703
rxn37378_c,0.9998825539999998,0.7324680902768703
rxn25463_c,0.9998825539999998,0.7324680902768703
rxn01598_c,0.9998825539999998,0.7324680902768703
rxn25462_c,0.9998825539999998,0.7324680902768703
rxn02712_c,0.9998825539999998,0.7542494117323436
rxn04890_c,0.9998825539999998,0.7324680902768703
rxn01612_c,0.9998825539999998,0.7324680902768703
rxn25460_c,0.9998825539999998,0.7324680902768703
rxn01611_c,0.9998825539999998,0.7324680902768703
rxn14083_c,0.9998825539999998,0.6615163615154931
rxn25459_c,0.9998825539999998,0.7324680902768703
rxn14013_c,0.9998825539999998,0.6615163615154933
rxn14107_c,0.9998825539999998,0.7324680902768703
rxn25458_c,0.9998825539999998,0.7324680902768703
rxn14129_c,0.9998825539999998,0.7542494117323435
rxn16759_c,0.9998825539999998,0.8099270217508633
rxn09601_c,0.9998825539999998,0.7324680902768703
rxn37501_c,0.9998825539999998,0.7542494117323439
rxn09608_c,0.9998825539999998,0.7324680902768703
rxn37427_c,0.9998825539999998,0.7324680902768703
rxn17081_c,0.9998825539999998,0.7324680902768703
rxn17085_c,0.9998825539999998,0.7324680902768703
rxn37461_c,0.9998825539999998,0.7324680902768703
rxn09609_c,0.9998825539999998,0.7324680902768703
rxn37467_c,0.9998825539999998,0.7542494117323439
rxn17114_c,0.9998825539999998,0.7324680902768703
rxn14005_c,0.9998825539999998,0.7542494117323435
rxn09605_c,0.9998825539999998,0.7324680902768703
rxn37481_c,0.9998825539999998,0.7324680902768703
rxn09604_c,0.9998825539999998,0.7324680902768703
rxn01567_c,0.9998825539999998,0.7324680902768703
rxn03196_c,0.9998825539999998,0.7324680902768703
rxn09600_c,0.9998825539999998,0.7324680902768703
rxn37423_c,0.9998825539999998,0.7324680902768703
rxn04884_c,0.9998825539999998,0.7324680902768703
rxn09622_c,0.9998825539999998,0.8099270217508633
rxn04883_c,0.9998825539999998,0.7324680902768703
rxn37487_c,0.9998825539999998,0.7542494117323439
rxn02635_c,0.9998825539999998,0.7324680902768703
rxn04882_c,0.9998825539999998,0.7324680902768703
rxn35631_c,0.9998825539999998,0.7542494117323435
rxn23407_c,0.9998825539999998,0.7324680902768703
rxn01771_c,0.9998825539999998,0.8014071573406103
rxn23410_c,0.9998825539999998,0.7324680902768703
rxn04871_c,0.9998825539999998,0.7324680902768703
rxn04869_c,0.9998825539999998,0.7324680902768703
rxn04862_c,0.9998825539999998,0.7324680902768703
rxn35619_c,0.9998825539999998,0.7324680902768703
rxn02701_c,0.9998825539999998,0.7324680902768703
rxn13988_c,0.9998825539999998,0.7324680902768703
rxn25466_c,0.9998825539999998,0.7324680902768703
rxn04975_c,0.9998825539999998,0.7542494117323435
rxn25475_c,0.9998825539999998,0.7324680902768703
rxn02470_c,0.9998825539999998,0.7324680902768703
rxn11803_c,0.9998825539999998,0.7324680902768703
rxn11813_c,0.9998825539999998,0.7324680902768703
rxn05101_c,0.9998825539999998,0.7324680902768703
rxn04985_c,0.9998825539999998,0.7324680902768703
rxn25880_c,0.9998825539999998,0.7324680902768703
rxn11822_c,0.9998825539999998,0.7324680902768703
rxn11831_c,0.9998825539999998,0.7324680902768703
rxn11832_c,0.9998825539999998,0.7324680902768703
rxn03214_c,0.9998825539999998,0.7324680902768703
rxn01438_c,0.9998825539999998,0.7324680902768703
rxn05130_c,0.9998825539999998,0.7324680902768703
rxn11840_c,0.9998825539999998,0.7324680902768703
rxn26734_c,0.9998825539999998,0.7324680902768703
rxn26933_c,0.9998825539999998,0.7324680902768703
rxn26747_c,0.9998825539999998,0.7324680902768703
rxn11841_c,0.9998825539999998,0.7324680902768703
rxn26782_c,0.9998825539999998,0.7324680902768703
rxn26784_c,0.9998825539999998,0.7542494117323439
rxn04983_c,0.9998825539999998,0.7324680902768703
rxn10747_c,0.9998825539999998,0.7324680902768703
rxn11852_c,0.9998825539999998,0.7324680902768703
rxn11853_c,0.9998825539999998,0.7324680902768703
rxn26894_c,0.9998825539999998,0.7542494117323439
rxn26900_c,0.9998825539999998,0.7324680902768703
rxn26909_c,0.9998825539999998,0.7542494117323435
rxn11854_c,0.9998825539999998,0.7324680902768703
rxn11802_c,0.9998825539999998,0.7324680902768703
rxn11799_c,0.9998825539999998,0.7324680902768703
rxn03217_c,0.9998825539999998,0.7324680902768703
rxn03564_c,0.9998825539999998,0.7324680902768702
rxn02387_c,0.9998825539999998,0.7324680902768703
rxn23082_c,0.9998825539999998,0.7324680902768703
rxn02349_c,0.9998825539999998,0.7324680902768703
rxn03499_c,0.9998825539999998,0.7324680902768703
rxn23089_c,0.9998825539999998,0.7324680902768703
rxn23081_c,0.9998825539999998,0.7542494117323435
rxn11683_c,0.9998825539999998,0.8099270217508633
rxn11621_c,0.9998825539999998,0.7324680902768703
rxn11616_c,0.9998825539999998,0.7542494117323439
rxn02239_c,0.9998825539999998,0.7324680902768703
rxn03222_c,0.9998825539999998,0.7324680902768703
rxn11556_c,0.9998825539999998,0.7324680902768703
rxn11534_c,0.9998825539999998,0.7324680902768703
rxn02398_c,0.9998825539999998,0.7324680902768703
rxn25897_c,0.9998825539999998,0.7324680902768699
rxn03530_c,0.9998825539999998,0.6615163615154933
rxn11738_c,0.9998825539999998,0.7542494117323439
rxn11795_c,0.9998825539999998,0.7324680902768703
rxn11798_c,0.9998825539999998,0.7324680902768703
rxn05097_c,0.9998825539999998,0.7324680902768703
rxn05098_c,0.9998825539999998,0.7324680902768703
rxn05099_c,0.9998825539999998,0.7324680902768703
rxn04993_c,0.9998825539999998,0.7542494117323439
rxn02448_c,0.9998825539999998,0.7324680902768703
rxn04988_c,0.9998825539999998,0.7324680902768703
rxn04982_c,0.9998825539999998,0.7324680902768703
rxn11900_c,0.9998825539999998,0.7324680902768703
rxn25476_c,0.9998825539999998,0.7324680902768703
rxn04970_c,0.9998825539999998,0.7324680902768703
rxn02215_c,0.9998825539999998,0.7324680902768703
rxn25619_c,0.9998825539999998,0.7324680902768703
rxn04860_c,0.9998825539999998,0.7324680902768703
rxn25614_c,0.9998825539999998,0.7324680902768703
rxn25612_c,0.9998825539999998,0.7324680902768703
rxn25607_c,0.9998825539999998,0.7324680902768703
rxn25605_c,0.9998825539999998,0.7324680902768703
rxn12918_c,0.9998825539999998,0.8268981387571364
rxn04974_c,0.9998825539999998,0.7542494117323435
rxn03206_c,0.9998825539999998,0.7542494117323439
rxn25541_c,0.9998825539999998,0.7324680902768703
rxn04972_c,0.9998825539999998,0.7324680902768703
rxn02601_c,0.9998825539999998,0.7324680902768703
rxn26942_c,0.9998825539999998,0.7542494117323435
rxn28820_c,0.9998825539999998,0.7324680902768703
rxn25537_c,0.9998825539999998,0.7324680902768703
rxn13171_c,0.9998825539999998,0.7324680902768703
rxn04902_c,0.9998825539999998,0.7324680902768703
rxn04901_c,0.9998825539999998,0.7324680902768703
rxn04893_c,0.9998825539999998,0.7324680902768703
rxn04892_c,0.9998825539999998,0.7324680902768703
rxn02156_c,0.9998825539999998,0.7324680902768703
rxn02148_c,0.9998825539999998,0.7324680902768703
rxn04891_c,0.9998825539999998,0.7324680902768703
rxn23248_c,0.9998825539999998,0.7324680902768703
rxn25482_c,0.9998825539999998,0.7324680902768703
rxn02216_c,0.9998825539999998,0.7324680902768703
rxn37749_c,0.9998825539999998,0.8099270217508632
rxn04976_c,0.9998825539999998,0.7542494117323439
rxn02578_c,0.9998825539999998,0.7324680902768703
rxn11901_c,0.9998825539999998,0.7324680902768703
rxn22908_c,0.9998825539999998,0.7324680902768703
rxn05131_c,0.9998825539999998,0.7324680902768703
rxn26971_c,0.9998825539999998,0.7324680902768703
rxn05132_c,0.9998825539999998,0.7324680902768703
rxn26985_c,0.9998825539999998,0.7324680902768703
rxn26996_c,0.9998825539999998,0.7324680902768703
rxn25827_c,0.9998825539999998,0.7324680902768703
rxn25826_c,0.9998825539999998,0.7324680902768703
rxn11902_c,0.9998825539999998,0.7324680902768703
rxn04981_c,0.9998825539999998,0.7324680902768703
rxn27008_c,0.9998825539999998,0.7324680902768703
rxn03212_c,0.9998825539999998,0.7542494117323439
rxn25732_c,0.9998825539999998,0.7324680902768703
rxn02536_c,0.9998825539999998,0.7542494117323439
rxn04980_c,0.9998825539999998,0.7324680902768703
rxn02537_c,0.9998825539999998,0.7324680902768703
rxn02540_c,0.9998825539999998,0.7324680902768703
rxn25725_c,0.9998825539999998,0.7324680902768703
rxn04978_c,0.9998825539999998,0.7324680902768703
rxn37755_c,0.9998825539999998,0.8099270217508633
rxn04977_c,0.9998825539999998,0.7324680902768703
rxn19994_c,0.9998825539999998,0.7324680902768703
rxn37752_c,0.9998825539999998,0.8099270217508633
rxn22887_c,0.9998825539999998,0.7324680902768703
rxn25115_c,0.9998825539999998,0.7324680902768703
rxn04861_c,0.9998825539999998,0.7324680902768703
rxn03992_c,0.9998825539999998,0.7324680902768703
rxn07274_c,0.9998825539999998,0.7324680902768703
rxn15912_c,0.9998825539999998,0.7324680902768703
rxn04165_c,0.9998825539999998,0.7324680902768703
rxn16654_c,0.9998825539999998,0.7542494117323439
rxn16653_c,0.9998825539999998,0.7324680902768703
rxn04166_c,0.9998825539999998,0.7542494117323435
rxn07287_c,0.9998825539999998,0.7324680902768703
rxn16052_c,0.9998825539999998,0.7803962609895039
rxn07286_c,0.9998825539999998,0.7324680902768703
rxn07285_c,0.9998825539999998,0.7324680902768703
rxn24124_c,0.9998825539999998,0.7324680902768703
rxn04168_c,0.9998825539999998,0.7324680902768703
rxn07278_c,0.9998825539999998,0.7324680902768703
rxn04169_c,0.9998825539999998,0.7542494117323435
rxn24123_c,0.9998825539999998,0.7324680902768703
rxn15824_c,0.9998825539999998,0.7542494117323435
rxn07250_c,0.9998825539999998,0.7542494117323435
rxn02967_c,0.9998825539999998,0.7324680902768703
rxn16055_c,0.9998825539999998,0.7324680902768703
rxn04170_c,0.9998825539999998,0.7324680902768703
rxn07118_c,0.9998825539999998,0.7324680902768703
rxn04182_c,0.9998825539999998,0.7324680902768703
rxn07115_c,0.9998825539999998,0.7803962609895039
rxn24045_c,0.9998825539999998,0.7324680902768703
rxn24038_c,0.9998825539999998,0.7324680902768703
rxn24015_c,0.9998825539999998,0.7324680902768703
rxn24014_c,0.9998825539999998,0.7324680902768703
rxn24013_c,0.9998825539999998,0.7324680902768703
rxn24012_c,0.9998825539999998,0.7324680902768703
rxn16655_c,0.9998825539999998,0.8319731507245334
rxn15822_c,0.9998825539999998,0.7542494117323439
rxn06719_c,0.9998825539999998,0.7324680902768703
rxn16706_c,0.9998825539999998,0.8099270217508633
rxn07627_c,0.9998825539999998,0.7324680902768703
rxn04061_c,0.9998825539999998,0.7324680902768703
rxn04065_c,0.9998825539999998,0.7324680902768703
rxn04066_c,0.9998825539999998,0.7542494117323439
rxn07591_c,0.9998825539999998,0.7324680902768703
rxn07590_c,0.9998825539999998,0.7324680902768703
rxn34586_c,0.9998825539999998,0.7542494117323439
rxn04086_c,0.9998825539999998,0.7324680902768703
rxn15616_c,0.9998825539999998,0.852012984433486
rxn15636_c,0.9998825539999998,0.7324680902768703
rxn07529_c,0.9998825539999998,0.7324680902768703
rxn04097_c,0.9998825539999998,0.7324680902768703
rxn07528_c,0.9998825539999998,0.8571703443913203
rxn15649_c,0.9998825539999998,0.7324680902768703
rxn04153_c,0.9998825539999998,0.7542494117323435
rxn15650_c,0.9998825539999998,0.7324680902768703
rxn16704_c,0.9998825539999998,0.7542494117323439
rxn15653_c,0.9998825539999998,0.7324680902768703
rxn16703_c,0.9998825539999998,0.7324680902768703
rxn37100_c,0.9998825539999998,0.7542494117323439
rxn04107_c,0.9998825539999998,0.7324680902768703
rxn15784_c,0.9998825539999998,0.7324680902768703
rxn23478_c,0.9998825539999998,0.7324680902768703
rxn16702_c,0.9998825539999998,0.7324680902768703
rxn16679_c,0.9998825539999998,0.7324680902768703
rxn01856_c,0.9998825539999998,0.7324680902768703
rxn01067_c,0.9998825539999998,0.7324680902768703
rxn04152_c,0.9998825539999998,0.7324680902768703
rxn01788_c,0.9998825539999998,0.7324680902768703
rxn16241_c,0.9998825539999998,0.7324680902768703
rxn24298_c,0.9998825539999998,0.7324680902768703
rxn01060_c,0.9998825539999998,0.7324680902768703
rxn16357_c,0.9998825539999998,0.7324680902768703
rxn03320_c,0.9998825539999998,0.7324680902768703
rxn04381_c,0.9998825539999998,0.7324680902768703
rxn04382_c,0.9998825539999998,0.7324680902768703
rxn03318_c,0.9998825539999998,0.7324680902768703
rxn04415_c,0.9998825539999998,0.7324680902768703
rxn01059_c,0.9998825539999998,0.7324680902768703
rxn04416_c,0.9998825539999998,0.7324680902768703
rxn04427_c,0.9998825539999998,0.7324680902768703
rxn04458_c,0.9998825539999998,0.7324680902768703
rxn04459_c,0.9998825539999998,0.7324680902768703
rxn23638_c,0.9998825539999998,0.7855526944467255
rxn04472_c,0.9998825539999998,0.7324680902768703
rxn23605_c,0.9998825539999998,0.7324680902768703
rxn16427_c,0.9998825539999998,0.7324680902768703
rxn03277_c,0.9998825539999998,0.7324680902768703
rxn23603_c,0.9998825539999998,0.7324680902768703
rxn21919_c,0.9998825539999998,0.7324680902768703
rxn23602_c,0.9998825539999998,0.7324680902768703
rxn04699_c,0.9998825539999998,0.7324680902768703
rxn22041_c,0.9998825539999998,0.7324680902768703
rxn16424_c,0.9998825539999998,0.7324680902768703
rxn16417_c,0.9998825539999998,0.8263396351872905
rxn01061_c,0.9998825539999998,0.7324680902768703
rxn01695_c,0.9998825539999998,0.7324680902768703
rxn22125_c,0.9998825539999998,0.7324680902768703
rxn16421_c,0.9998825539999998,0.7542494117323439
rxn03284_c,0.9998825539999998,0.7324680902768703
rxn01696_c,0.9998825539999998,0.7324680902768703
rxn23762_c,0.9998825539999998,0.7324680902768703
rxn16242_c,0.9998825539999998,0.7324680902768703
rxn16278_c,0.9998825539999998,0.7324680902768703
rxn16243_c,0.9998825539999998,0.7324680902768703
rxn16244_c,0.9998825539999998,0.7324680902768703
rxn03322_c,0.9998825539999998,0.7324680902768703
rxn16245_c,0.9998825539999998,0.7324680902768703
rxn16253_c,0.9998825539999998,0.7324680902768703
rxn02998_c,0.9998825539999998,0.7542494117323439
rxn16255_c,0.9998825539999998,0.7324680902768703
rxn03016_c,0.9998825539999998,0.7324680902768703
rxn16258_c,0.9998825539999998,0.7324680902768703
rxn16260_c,0.9998825539999998,0.7324680902768703
rxn04323_c,0.9998825539999998,0.7324680902768703
rxn16261_c,0.9998825539999998,0.7324680902768703
rxn16262_c,0.9998825539999998,0.7324680902768703
rxn04324_c,0.9998825539999998,0.7324680902768703
rxn01786_c,0.9998825539999998,0.7324680902768703
rxn16279_c,0.9998825539999998,0.7324680902768703
rxn04325_c,0.9998825539999998,0.7324680902768703
rxn06317_c,0.9998825539999998,0.8263396351872905
rxn16290_c,0.9998825539999998,0.7324680902768703
rxn16291_c,0.9998825539999998,0.7324680902768703
rxn16292_c,0.9998825539999998,0.7324680902768703
rxn16298_c,0.9998825539999998,0.7324680902768703
rxn16299_c,0.9998825539999998,0.7324680902768703
rxn16300_c,0.9998825539999998,0.7324680902768703
rxn16301_c,0.9998825539999998,0.7324680902768703
rxn03321_c,0.9998825539999998,0.7324680902768703
rxn01787_c,0.9998825539999998,0.7324680902768703
rxn03082_c,0.9998825539999998,0.7324680902768703
rxn07628_c,0.9998825539999998,0.7324680902768703
rxn23084_c,0.9998825539999998,0.7324680902768703
rxn04852_c,0.9998825539999998,0.7324680902768703
rxn04823_c,0.9998825539999998,0.7324680902768703
rxn03353_c,0.9998825539999998,0.7324680902768703
rxn23455_c,0.9998825539999998,0.8099270217508633
rxn04001_c,0.9998825539999998,0.7324680902768703
rxn14303_c,0.9998825539999998,0.7324680902768703
rxn02809_c,0.9998825539999998,0.8571703443913203
rxn02807_c,0.9998825539999998,0.7324680902768703
rxn01965_c,0.9998825539999998,0.7324680902768703
rxn01954_c,0.9998825539999998,0.7324680902768703
rxn16707_c,0.9998825539999998,0.7324680902768703
rxn04828_c,0.9998825539999998,0.7324680902768703
rxn37184_c,0.9998825539999998,0.8099270217508633
rxn04827_c,0.9998825539999998,0.7324680902768703
rxn04002_c,0.9998825539999998,0.7542494117323439
rxn21302_c,0.9998825539999998,0.7324680902768703
rxn23085_c,0.9998825539999998,0.7542494117323439
rxn25078_c,0.9998825539999998,0.7542494117323439
rxn16708_c,0.9998825539999998,0.7324680902768703
rxn04808_c,0.9998825539999998,0.7324680902768703
rxn03997_c,0.9998825539999998,0.7324680902768703
rxn25079_c,0.9998825539999998,0.7324680902768703
rxn04858_c,0.9998825539999998,0.7324680902768703
rxn16709_c,0.9998825539999998,0.7324680902768703
rxn04807_c,0.9998825539999998,0.7324680902768703
rxn24495_c,0.9998825539999998,0.7324680902768703
rxn24494_c,0.9998825539999998,0.7324680902768703
rxn25113_c,0.9998825539999998,0.7324680902768703
rxn21310_c,0.9998825539999998,0.7324680902768703
rxn04857_c,0.9998825539999998,0.7324680902768703
rxn04847_c,0.9998825539999998,0.7324680902768703
rxn04829_c,0.9998825539999998,0.7324680902768703
rxn14327_c,0.9998825539999998,0.7324680902768703
rxn04856_c,0.9998825539999998,0.7324680902768703
rxn24300_c,0.9998825539999998,0.7542494117323439
rxn24302_c,0.9998825539999998,0.7324680902768703
rxn14236_c,0.9998825539999998,0.8319731507245334
rxn24303_c,0.9998825539999998,0.7324680902768703
rxn03993_c,0.9998825539999998,0.7542494117323439
rxn07822_c,0.9998825539999998,0.7324680902768703
rxn24299_c,0.9998825539999998,0.7542494117323439
rxn04854_c,0.9998825539999998,0.7324680902768703
rxn14371_c,0.9998825539999998,0.8319731507245334
rxn07792_c,0.9998825539999998,0.7324680902768703
rxn02851_c,0.9998825539999998,0.7324680902768703
rxn21400_c,0.9998825539999998,0.7324680902768703
rxn24877_c,0.9998825539999998,0.7324680902768703
rxn16373_c,0.9998825199999999,0.8749837514623713
rxn01298_c,0.99988216,0.74534738109333
rxn01225_c,0.9998821400000001,0.6741903028927415
rxn18452_c,0.999882128,0.8451479775642774
rxn10173_c,0.99988201,0.8451479775642774
rxn05166_c,0.9998818799999999,0.8451479775642774
rxn18345_c,0.999881738,0.8451479775642774
rxn21194_c,0.999881612,0.766289000830476
rxn08442_c,0.9998815719999999,0.7499675029247423
rxn00215_c,0.999881542,0.4758002217991869
rxn21191_c,0.999881336,0.7662890008304758
rxn30035_c,0.999881036,0.7905899661271387
rxn01231_c,0.9998810239999999,0.6859943405700353
rxn37984_c,0.999880908,0.8451479775642774
rxn37983_c,0.9998806119999999,0.8451479775642774
rxn04042_c,0.9998803780000001,0.7499675029247429
rxn08440_c,0.9998803620000001,0.6324308699302441
rxn05227_c,0.9998803200000002,0.44722522094923445
rxn00182_c,0.9998802920000001,0.7142751039809884
rxn05855_c,0.9998801160000002,0.7499675029247437
rxn09918_c,0.999880106,0.7142751039809884
rxn12288_c,0.999879928,0.732722902035313
rxn12220_c,0.9998795320000001,0.7303030712687815
rxn20708_c,0.999878788,0.717125625232295
rxn02281_c,0.9998785,0.8682421501402221
rxn37271_c,0.9998780899999999,0.717125625232295
rxn10447_c,0.999878038,0.8451479775642774
rxn05513_c,0.999878038,0.8451479775642774
rxn02325_c,0.999877856,0.5000072207900979
rxn05728_c,0.999877588,0.6499365964942582
rxn10172_c,0.9998774859999999,0.8451479775642774
rxn16488_c,0.9998773400000001,0.800601034272458
rxn10453_c,0.99987721,0.8451479775642774
rxn08556_c,0.999877,0.5
rxn28122_c,0.9998769019999999,0.4629186451356855
rxn05149_c,0.9998768680000001,0.8451479775642774
rxn19115_c,0.999876836,0.8447385138078422
rxn18436_c,0.99987602,0.8451479775642774
rxn01666_c,0.999875702,0.7473941323621037
rxn05577_c,0.9998756,0.6499365964942582
rxn09560_c,0.9998746300000001,0.7071527374977165
rxn15109_c,0.999874224,0.6761095939888513
rxn04696_c,0.9998740899999999,0.599979203493817
rxn22016_c,0.9998740899999999,0.7976734935673429
rxn22001_c,0.9998740899999999,0.599979203493817
rxn22017_c,0.9998740899999999,0.5330271433565628
rxn00856_c,0.999873912,0.5000072207900979
rxn12539_c,0.9998738360000001,0.6499365964942582
rxn30044_c,0.9998738340000001,0.75
rxn09444_c,0.999873386,0.7327229020353128
rxn26313_c,0.999873314,0.6030298143460753
rxn08977_c,0.999873214,0.7171202984927928
rxn13853_c,0.99987303,0.8451479775642774
rxn07619_c,0.999872874,0.7142751039809884
rxn25562_c,0.999872874,0.7142751039809884
rxn08260_c,0.999872874,0.7142751039809883
rxn25548_c,0.999872874,0.7142751039809884
rxn30346_c,0.999872824,0.78947080391835
rxn05536_c,0.9998725800000001,0.8451479775642774
rxn00278_c,0.9998724280000001,0.7559211482160539
rxn08458_c,0.9998721319999999,0.7905591395663807
rxn01143_c,0.9998717920000001,0.6708015015407103
rxn05181_c,0.999871318,0.8451479775642774
rxn21296_c,0.99987113,0.5476861691604638
rxn18483_c,0.9998711220000001,0.8451479775642774
rxn35615_c,0.9998710199999999,0.7171256252322948
rxn37453_c,0.9998709299999999,0.8451535572911179
rxn14415_c,0.9998709299999999,0.7855511054677018
rxn37452_c,0.9998709299999999,0.8451535572911176
rxn30645_c,0.9998709299999999,0.7897048908899165
rxn33985_c,0.9998709,0.75
rxn09913_c,0.999870518,0.7142751039809884
rxn30514_c,0.999870298,0.5714126559714825
rxn10588_c,0.999870298,0.339686506378273
rxn20639_c,0.999870298,0.4629186451356855
rxn01716_c,0.999870298,0.717125625232295
rxn05504_c,0.999869954,0.8451479775642774
rxn37362_c,0.999869916,0.717125625232295
rxn10822_c,0.999869698,0.8451479775642774
rxn18573_c,0.99986961,0.8451479775642774
rxn05174_c,0.999869292,0.8451479775642774
rxn37990_c,0.9998692479999999,0.8451479775642774
rxn01205_c,0.9998689199999999,0.6674316986127278
rxn10449_c,0.999868736,0.8451479775642774
rxn16010_c,0.9998685819999998,0.7715310752261425
rxn04264_c,0.9998684320000001,0.717125625232295
rxn20662_c,0.999868398,0.7461640851679957
rxn29219_c,0.999868352,0.8451479775642774
rxn00361_c,0.999868148,0.6708015015407103
rxn05619_c,0.999868124,0.8451479775642774
rxn27030_c,0.999868102,0.5772877273196695
rxn07480_c,0.9998679899999999,0.7171256252322947
rxn30453_c,0.99986798,0.8451479775642773
rxn10833_c,0.999867854,0.8451479775642774
rxn29624_c,0.9998676339999999,0.6499365964942582
rxn18457_c,0.9998675160000001,0.8451479775642774
rxn00843_c,0.9998673200000001,0.717125625232295
rxn05542_c,0.999867282,0.8451479775642774
rxn00663_c,0.999867154,0.7499675029247412
rxn09119_c,0.9998670579999999,0.9560856028620625
rxn05549_c,0.9998670500000001,0.8451479775642773
rxn05570_c,0.999866974,0.8451479775642774
rxn18361_c,0.9998669720000001,0.8451479775642774
rxn25124_c,0.9998667780000001,0.4758002217991866
rxn05665_c,0.999866778,0.6499365964942582
rxn08659_c,0.9998663220000001,0.6708378314238516
rxn05533_c,0.999866208,0.8451479775642774
rxn05546_c,0.999866046,0.8451479775642774
rxn09453_c,0.9998658519999999,0.732722902035313
rxn12233_c,0.99986584,0.717125625232295
rxn05540_c,0.9998655959999999,0.8451479775642774
rxn01559_c,0.9998654800000001,0.47430260029410753
rxn05537_c,0.999865368,0.8451479775642774
rxn08277_c,0.999865168,0.8603130238930672
rxn18360_c,0.99986511,0.8451479775642774
rxn36644_c,0.999865046,0.8447385138078422
rxn02854_c,0.9998650080000001,0.7559211482160539
rxn29218_c,0.9998649740000001,0.8451479775642774
rxn04725_c,0.99986491,0.7171256252322948
rxn05162_c,0.99986488,0.8451479775642774
rxn16700_c,0.999864838,0.717125625232295
rxn23197_c,0.999864838,0.7171256252322948
rxn20688_c,0.999864814,0.732722902035313
rxn16139_c,0.999864814,0.7327229020353128
rxn25873_c,0.999864814,0.7327229020353128
rxn10706_c,0.999864814,0.7327229020353128
rxn23149_c,0.999864814,0.732722902035313
rxn23286_c,0.999864814,0.732722902035313
rxn28138_c,0.999864814,0.7453100581487153
rxn23009_c,0.999864814,0.7327229020353128
rxn28496_c,0.999864814,0.7453100581487153
rxn22042_c,0.999864814,0.7327229020353127
rxn15477_c,0.999864814,0.7453100581487153
rxn10021_c,0.999864814,0.732722902035313
rxn37324_c,0.999864814,0.7327229020353128
rxn10020_c,0.999864814,0.732722902035313
rxn01613_c,0.999864814,0.732722902035313
rxn10019_c,0.999864814,0.7327229020353127
rxn02296_c,0.999864814,0.7327229020353127
rxn23176_c,0.999864814,0.7327229020353129
rxn18456_c,0.999864802,0.8451479775642774
rxn30314_c,0.9998644999999999,0.6761095939888515
rxn23140_c,0.999864488,0.717125625232295
rxn05543_c,0.9998644660000002,0.8451479775642774
rxn05535_c,0.9998644499999999,0.8451479775642774
rxn04735_c,0.99986444,0.7171256252322947
rxn12848_c,0.9998642280000001,0.8451479775642774
rxn05541_c,0.999864168,0.8451479775642774
rxn05167_c,0.999864082,0.8451479775642774
rxn05544_c,0.9998640639999999,0.8451479775642774
rxn09463_c,0.9998639060000001,0.7100136198423654
rxn09898_c,0.9998638379999999,0.6263578263048198
rxn10115_c,0.999863796,0.8057396241598689
rxn05538_c,0.9998637840000001,0.8451479775642774
rxn12851_c,0.999863658,0.8451479775642774
rxn05547_c,0.99986356,0.8451479775642774
rxn00731_c,0.9998634860000001,0.6859943405700353
rxn05490_c,0.9998634839999999,0.8451479775642774
rxn05489_c,0.9998634839999999,0.8451479775642774
rxn00354_c,0.9998634560000002,0.8999948008734545
rxn00901_c,0.9998632200000002,0.7324680902768702
rxn12850_c,0.9998630479999999,0.8451479775642774
rxn12849_c,0.9998626720000001,0.8451479775642774
rxn00175_c,0.999862072,0.732722902035313
rxn05534_c,0.9998620600000001,0.8451479775642774
rxn13849_c,0.9998619440000001,0.8451479775642774
rxn22386_c,0.999861392,0.599979203493817
rxn14259_c,0.9998610400000001,0.7191454106250244
rxn29746_c,0.999860462,0.8451479775642773
rxn00593_c,0.99986014,0.6859943405700353
rxn01518_c,0.999860122,0.6708015015407103
rxn29779_c,0.9998599180000001,0.8451479775642774
rxn05601_c,0.9998589880000001,0.8451479775642774
rxn10147_c,0.99985892,0.8451479775642774
rxn24308_c,0.999858726,0.5000072207900979
rxn01232_c,0.9998586079999999,0.7559211482160539
rxn00669_c,0.999858512,0.6666666666666667
rxn38755_c,0.9998584339999999,0.6499365964942582
rxn05234_c,0.999858004,0.6761095939888503
rxn12056_c,0.999857724,0.7499349973999037
rxn24918_c,0.999857724,0.7499349973999037
rxn11684_c,0.999857724,0.8320170129916977
rxn24915_c,0.999857724,0.7499349973999037
rxn16457_c,0.999857724,0.7499349973999035
rxn25006_c,0.999857724,0.7499349973999037
rxn12187_c,0.999857724,0.7499349973999037
rxn24917_c,0.999857724,0.7499349973999037
rxn12186_c,0.999857724,0.7499349973999037
rxn16418_c,0.999857724,0.7499349973999037
rxn12183_c,0.999857724,0.7499349973999037
rxn16448_c,0.999857724,0.7499349973999037
rxn01661_c,0.999857724,0.7499349973999037
rxn24999_c,0.999857724,0.7499349973999037
rxn24919_c,0.999857724,0.7499349973999037
rxn16456_c,0.999857724,0.7499349973999037
rxn12181_c,0.999857724,0.7499349973999037
rxn23630_c,0.999857724,0.7499349973999037
rxn16732_c,0.999857724,0.7499349973999037
rxn24910_c,0.999857724,0.7499349973998981
rxn25240_c,0.999857724,0.7499349973999037
rxn01658_c,0.999857724,0.7499349973999037
rxn20956_c,0.999857724,0.7499349973999037
rxn01657_c,0.999857724,0.7499349973999037
rxn25004_c,0.999857724,0.7499349973999037
rxn14215_c,0.999857724,0.7499349973999037
rxn14163_c,0.999857724,0.7499349973999037
rxn25002_c,0.999857724,0.7499349973999037
rxn24914_c,0.999857724,0.7499349973999037
rxn16733_c,0.999857724,0.7499349973998978
rxn20957_c,0.999857724,0.7499349973999037
rxn20958_c,0.999857724,0.7499349973999037
rxn23653_c,0.999857724,0.7499349973999037
rxn25000_c,0.999857724,0.749934997399898
rxn24913_c,0.999857724,0.7499349973999037
rxn25003_c,0.999857724,0.7499349973999037
rxn01656_c,0.999857724,0.7499349973999037
rxn12182_c,0.999857724,0.7499349973999034
rxn00498_c,0.999857724,0.7559429883885406
rxn07621_c,0.999857724,0.7499349973999037
rxn07464_c,0.999857724,0.749934997399897
rxn07463_c,0.999857724,0.7499349973999037
rxn07446_c,0.999857724,0.7499349973999037
rxn28402_c,0.999857724,0.7499349973999037
rxn04379_c,0.999857724,0.7499349973999037
rxn29768_c,0.999857342,0.8451479775642774
rxn10483_c,0.999857138,0.7715170683540055
rxn11544_c,0.9998570859999999,0.7715170683540054
rxn18476_c,0.999857016,0.8451479775642774
rxn36500_c,0.999856762,0.888885679625672
rxn36498_c,0.999856476,0.8447385138078419
rxn15949_c,0.9998561760000001,0.6859943405700353
rxn05173_c,0.9998557299999999,0.8451479775642774
rxn18465_c,0.9998557299999999,0.8451479775642774
rxn00381_c,0.9998556900000001,0.7499675029247429
rxn04756_c,0.999855574,0.7171256252322946
rxn25048_c,0.9998555619999999,0.5714869281045634
rxn06968_c,0.999855552,0.7492737747653169
rxn29767_c,0.9998555339999999,0.8451479775642774
rxn09909_c,0.999855084,0.7142751039809884
rxn35655_c,0.999855056,0.3779714910009826
rxn16150_c,0.9998549320000001,0.9135252921927768
rxn04394_c,0.9998542300000001,0.47430260029410864
rxn25260_c,0.9998542300000001,0.4743026002941102
rxn02979_c,0.9998542300000001,0.5975943326708808
rxn03411_c,0.9998542300000001,0.5975943326708884
rxn03412_c,0.9998542300000001,0.5975943326708841
rxn05096_c,0.9998542300000001,0.4743026002941082
rxn07871_c,0.9998542300000001,0.4743026002941113
rxn09043_c,0.9998541400000001,0.9203561101964632
rxn37261_c,0.9998541080000001,0.8447385138078422
rxn14038_c,0.9998539519999999,0.9999999999999999
rxn14273_c,0.9998537579999999,0.7191454106250244
rxn27036_c,0.9998537579999999,0.7191454106250244
rxn14331_c,0.9998537579999999,0.7191454106250244
rxn14354_c,0.9998537579999999,0.7191454106250244
rxn27040_c,0.9998537579999999,0.7191454106250244
rxn27039_c,0.9998537579999999,0.7191454106250244
rxn27038_c,0.9998537579999999,0.7191454106250244
rxn27037_c,0.9998537579999999,0.7191454106250244
rxn12018_c,0.9998537579999999,0.7191454106250244
rxn00042_c,0.999853624,0.5714431045394573
rxn01159_c,0.9998535900000001,0.7142751039809885
rxn00632_c,0.9998530540000001,0.7473941323621035
rxn09901_c,0.99985293,0.7142751039809884
rxn06198_c,0.9998528579999999,0.799989601746908
rxn09439_c,0.9998527420000001,0.9406045088693031
rxn25794_c,0.999852454,0.6708552709577683
rxn08204_c,0.9998523199999999,0.632430869930244
rxn09045_c,0.999851888,0.9203561101964634
rxn01821_c,0.9998517079999999,0.717125625232295
rxn01820_c,0.9998517079999999,0.717125625232295
rxn01139_c,0.9998515400000001,0.75
rxn18460_c,0.9998515219999999,0.8451479775642774
rxn18244_c,0.9998515219999999,0.8451479775642774
rxn18459_c,0.9998515219999999,0.8451479775642774
rxn18455_c,0.9998515219999999,0.8451479775642774
rxn18420_c,0.9998515219999999,0.8451479775642774
rxn18412_c,0.9998515219999999,0.8451479775642774
rxn18411_c,0.9998515219999999,0.8451479775642774
rxn18454_c,0.9998515219999999,0.8451479775642774
rxn18453_c,0.9998515219999999,0.8451479775642774
rxn18451_c,0.9998515219999999,0.8451479775642774
rxn18246_c,0.9998515219999999,0.8451479775642774
rxn18449_c,0.9998515219999999,0.8451479775642774
rxn18245_c,0.9998515219999999,0.8451479775642774
rxn18243_c,0.9998515219999999,0.8451479775642774
rxn18461_c,0.9998515219999999,0.8451479775642774
rxn18447_c,0.9998515219999999,0.8451479775642774
rxn18462_c,0.9998515219999999,0.8451479775642774
rxn18410_c,0.9998515219999999,0.8451479775642774
rxn18463_c,0.9998515219999999,0.8451479775642774
rxn18464_c,0.9998515219999999,0.8451479775642774
rxn18242_c,0.9998515219999999,0.8451479775642774
rxn18466_c,0.9998515219999999,0.8451479775642774
rxn18409_c,0.9998515219999999,0.8451479775642774
rxn18467_c,0.9998515219999999,0.8451479775642774
rxn18250_c,0.9998515219999999,0.8451479775642774
rxn18468_c,0.9998515219999999,0.8451479775642774
rxn18469_c,0.9998515219999999,0.8451479775642774
rxn21300_c,0.9998515219999999,0.45183309508422065
rxn18470_c,0.9998515219999999,0.8451479775642774
rxn18448_c,0.9998515219999999,0.8451479775642773
rxn18445_c,0.9998515219999999,0.8451479775642774
rxn18446_c,0.9998515219999999,0.8451479775642774
rxn18417_c,0.9998515219999999,0.8451479775642774
rxn18422_c,0.9998515219999999,0.8451479775642774
rxn18423_c,0.9998515219999999,0.8451479775642774
rxn18424_c,0.9998515219999999,0.8451479775642774
rxn18425_c,0.9998515219999999,0.8451479775642774
rxn18426_c,0.9998515219999999,0.8451479775642774
rxn18427_c,0.9998515219999999,0.8451479775642774
rxn18428_c,0.9998515219999999,0.8451479775642774
rxn18429_c,0.9998515219999999,0.8451479775642774
rxn18249_c,0.9998515219999999,0.8451479775642774
rxn18419_c,0.9998515219999999,0.8451479775642774
rxn18431_c,0.9998515219999999,0.8451479775642774
rxn18418_c,0.9998515219999999,0.8451479775642774
rxn18248_c,0.9998515219999999,0.8451479775642774
rxn18432_c,0.9998515219999999,0.8451479775642774
rxn18416_c,0.9998515219999999,0.8451479775642774
rxn18421_c,0.9998515219999999,0.8451479775642774
rxn18415_c,0.9998515219999999,0.8451479775642774
rxn18433_c,0.9998515219999999,0.8451479775642774
rxn18434_c,0.9998515219999999,0.8451479775642773
rxn18247_c,0.9998515219999999,0.8451479775642773
rxn18437_c,0.9998515219999999,0.8451479775642774
rxn18438_c,0.9998515219999999,0.8451479775642774
rxn18439_c,0.9998515219999999,0.8451479775642774
rxn18471_c,0.9998515219999999,0.8451479775642773
rxn18441_c,0.9998515219999999,0.8451479775642774
rxn18442_c,0.9998515219999999,0.8451479775642774
rxn18443_c,0.9998515219999999,0.8451479775642774
rxn18444_c,0.9998515219999999,0.8451479775642774
rxn18414_c,0.9998515219999999,0.8451479775642773
rxn18413_c,0.9998515219999999,0.8451479775642774
rxn18440_c,0.9998515219999999,0.8451479775642774
rxn18477_c,0.9998515219999999,0.8451479775642774
rxn18472_c,0.9998515219999999,0.8451479775642774
rxn18506_c,0.9998515219999999,0.8451479775642774
rxn18532_c,0.9998515219999999,0.8451479775642774
rxn18531_c,0.9998515219999999,0.8451479775642774
rxn18530_c,0.9998515219999999,0.8451479775642773
rxn18529_c,0.9998515219999999,0.8451479775642774
rxn18528_c,0.9998515219999999,0.8451479775642774
rxn18524_c,0.9998515219999999,0.8451479775642774
rxn18523_c,0.9998515219999999,0.8451479775642774
rxn18518_c,0.9998515219999999,0.8451479775642774
rxn18517_c,0.9998515219999999,0.8451479775642773
rxn18514_c,0.9998515219999999,0.8451479775642774
rxn18513_c,0.9998515219999999,0.8451479775642774
rxn18512_c,0.9998515219999999,0.8451479775642774
rxn18508_c,0.9998515219999999,0.8451479775642774
rxn18507_c,0.9998515219999999,0.8451479775642774
rxn18233_c,0.9998515219999999,0.8451479775642774
rxn18533_c,0.9998515219999999,0.8451479775642774
rxn18534_c,0.9998515219999999,0.8451479775642774
rxn18232_c,0.9998515219999999,0.8451479775642774
rxn18543_c,0.9998515219999999,0.8451479775642774
rxn18549_c,0.9998515219999999,0.8451479775642774
rxn18548_c,0.9998515219999999,0.8451479775642774
rxn18547_c,0.9998515219999999,0.8451479775642774
rxn18546_c,0.9998515219999999,0.8451479775642774
rxn18545_c,0.9998515219999999,0.8451479775642774
rxn18544_c,0.9998515219999999,0.8451479775642774
rxn18542_c,0.9998515219999999,0.8451479775642774
rxn18535_c,0.9998515219999999,0.8451479775642774
rxn18541_c,0.9998515219999999,0.8451479775642774
rxn18540_c,0.9998515219999999,0.8451479775642774
rxn18539_c,0.9998515219999999,0.8451479775642774
rxn18538_c,0.9998515219999999,0.8451479775642774
rxn18537_c,0.9998515219999999,0.8451479775642774
rxn18536_c,0.9998515219999999,0.8451479775642773
rxn18234_c,0.9998515219999999,0.8451479775642774
rxn18505_c,0.9998515219999999,0.8451479775642774
rxn18473_c,0.9998515219999999,0.8451479775642774
rxn18504_c,0.9998515219999999,0.8451479775642774
rxn18488_c,0.9998515219999999,0.8451479775642774
rxn18487_c,0.9998515219999999,0.8451479775642774
rxn18486_c,0.9998515219999999,0.8451479775642774
rxn18485_c,0.9998515219999999,0.8451479775642774
rxn18240_c,0.9998515219999999,0.8451479775642774
rxn18484_c,0.9998515219999999,0.8451479775642774
rxn18482_c,0.9998515219999999,0.8451479775642774
rxn18481_c,0.9998515219999999,0.8451479775642774
rxn18480_c,0.9998515219999999,0.8451479775642773
rxn18479_c,0.9998515219999999,0.8451479775642774
rxn18478_c,0.9998515219999999,0.8451479775642774
rxn18407_c,0.9998515219999999,0.8451479775642774
rxn18241_c,0.9998515219999999,0.8451479775642774
rxn18475_c,0.9998515219999999,0.8451479775642774
rxn18474_c,0.9998515219999999,0.8451479775642774
rxn18489_c,0.9998515219999999,0.8451479775642774
rxn18490_c,0.9998515219999999,0.8451479775642774
rxn18491_c,0.9998515219999999,0.8451479775642774
rxn18496_c,0.9998515219999999,0.8451479775642774
rxn18503_c,0.9998515219999999,0.8451479775642774
rxn18502_c,0.9998515219999999,0.8451479775642774
rxn18501_c,0.9998515219999999,0.8451479775642774
rxn18235_c,0.9998515219999999,0.8451479775642774
rxn18498_c,0.9998515219999999,0.8451479775642774
rxn18497_c,0.9998515219999999,0.8451479775642774
rxn18236_c,0.9998515219999999,0.8451479775642774
rxn18239_c,0.9998515219999999,0.8451479775642774
rxn18237_c,0.9998515219999999,0.8451479775642773
rxn18495_c,0.9998515219999999,0.8451479775642774
rxn18494_c,0.9998515219999999,0.8451479775642774
rxn18493_c,0.9998515219999999,0.8451479775642774
rxn18238_c,0.9998515219999999,0.8451479775642774
rxn18492_c,0.9998515219999999,0.8451479775642774
rxn18408_c,0.9998515219999999,0.8451479775642774
rxn18257_c,0.9998515219999999,0.8451479775642773
rxn18406_c,0.9998515219999999,0.8451479775642773
rxn18312_c,0.9998515219999999,0.8451479775642774
rxn18310_c,0.9998515219999999,0.8451479775642774
rxn18309_c,0.9998515219999999,0.8451479775642774
rxn18308_c,0.9998515219999999,0.8451479775642774
rxn18307_c,0.9998515219999999,0.8451479775642774
rxn18305_c,0.9998515219999999,0.8451479775642774
rxn18304_c,0.9998515219999999,0.8451479775642774
rxn18303_c,0.9998515219999999,0.8451479775642774
rxn18302_c,0.9998515219999999,0.8451479775642774
rxn18301_c,0.9998515219999999,0.8451479775642773
rxn18300_c,0.9998515219999999,0.8451479775642774
rxn18299_c,0.9998515219999999,0.8451479775642774
rxn18298_c,0.9998515219999999,0.8451479775642774
rxn18297_c,0.9998515219999999,0.8451479775642774
rxn18296_c,0.9998515219999999,0.8451479775642774
rxn18295_c,0.9998515219999999,0.8451479775642774
rxn18311_c,0.9998515219999999,0.8451479775642774
rxn18313_c,0.9998515219999999,0.8451479775642774
rxn18293_c,0.9998515219999999,0.8451479775642774
rxn18314_c,0.9998515219999999,0.8451479775642774
rxn18253_c,0.9998515219999999,0.8451479775642773
rxn18327_c,0.9998515219999999,0.8451479775642774
rxn18326_c,0.9998515219999999,0.8451479775642774
rxn18325_c,0.9998515219999999,0.8451479775642774
rxn18324_c,0.9998515219999999,0.8451479775642774
rxn18323_c,0.9998515219999999,0.8451479775642774
rxn18322_c,0.9998515219999999,0.8451479775642774
rxn18321_c,0.9998515219999999,0.8451479775642774
rxn18320_c,0.9998515219999999,0.8451479775642774
rxn18254_c,0.9998515219999999,0.8451479775642774
rxn18319_c,0.9998515219999999,0.8451479775642774
rxn18318_c,0.9998515219999999,0.8451479775642774
rxn18317_c,0.9998515219999999,0.8451479775642774
rxn18316_c,0.9998515219999999,0.8451479775642774
rxn18315_c,0.9998515219999999,0.8451479775642774
rxn18294_c,0.9998515219999999,0.8451479775642774
rxn18255_c,0.9998515219999999,0.8451479775642774
rxn18405_c,0.9998515219999999,0.8451479775642774
rxn18275_c,0.9998515219999999,0.8451479775642774
rxn18273_c,0.9998515219999999,0.8451479775642774
rxn18272_c,0.9998515219999999,0.8451479775642774
rxn18271_c,0.9998515219999999,0.8451479775642774
rxn18270_c,0.9998515219999999,0.8451479775642774
rxn18269_c,0.9998515219999999,0.8451479775642774
rxn18268_c,0.9998515219999999,0.8451479775642774
rxn18267_c,0.9998515219999999,0.8451479775642774
rxn18266_c,0.9998515219999999,0.8451479775642774
rxn18265_c,0.9998515219999999,0.8451479775642774
rxn18264_c,0.9998515219999999,0.8451479775642774
rxn18263_c,0.9998515219999999,0.8451479775642774
rxn18262_c,0.9998515219999999,0.8451479775642774
rxn18261_c,0.9998515219999999,0.8451479775642774
rxn18260_c,0.9998515219999999,0.8451479775642774
rxn18259_c,0.9998515219999999,0.8451479775642774
rxn18274_c,0.9998515219999999,0.8451479775642774
rxn18276_c,0.9998515219999999,0.8451479775642774
rxn18292_c,0.9998515219999999,0.8451479775642774
rxn18277_c,0.9998515219999999,0.8451479775642774
rxn18291_c,0.9998515219999999,0.8451479775642774
rxn18290_c,0.9998515219999999,0.8451479775642774
rxn18289_c,0.9998515219999999,0.8451479775642774
rxn18288_c,0.9998515219999999,0.8451479775642774
rxn18287_c,0.9998515219999999,0.8451479775642774
rxn18286_c,0.9998515219999999,0.8451479775642773
rxn18285_c,0.9998515219999999,0.8451479775642774
rxn18284_c,0.9998515219999999,0.8451479775642774
rxn18283_c,0.9998515219999999,0.8451479775642774
rxn18282_c,0.9998515219999999,0.8451479775642774
rxn18281_c,0.9998515219999999,0.8451479775642774
rxn18280_c,0.9998515219999999,0.8451479775642774
rxn18256_c,0.9998515219999999,0.8451479775642774
rxn18279_c,0.9998515219999999,0.8451479775642774
rxn18278_c,0.9998515219999999,0.8451479775642774
rxn18328_c,0.9998515219999999,0.8451479775642774
rxn18329_c,0.9998515219999999,0.8451479775642774
rxn18330_c,0.9998515219999999,0.8451479775642773
rxn18388_c,0.9998515219999999,0.8451479775642774
rxn18386_c,0.9998515219999999,0.8451479775642774
rxn18385_c,0.9998515219999999,0.8451479775642774
rxn18384_c,0.9998515219999999,0.8451479775642774
rxn18383_c,0.9998515219999999,0.8451479775642774
rxn18382_c,0.9998515219999999,0.8451479775642774
rxn18381_c,0.9998515219999999,0.8451479775642774
rxn18380_c,0.9998515219999999,0.8451479775642774
rxn18379_c,0.9998515219999999,0.8451479775642773
rxn18378_c,0.9998515219999999,0.8451479775642774
rxn18377_c,0.9998515219999999,0.8451479775642774
rxn18376_c,0.9998515219999999,0.8451479775642774
rxn18375_c,0.9998515219999999,0.8451479775642774
rxn18374_c,0.9998515219999999,0.8451479775642774
rxn18373_c,0.9998515219999999,0.8451479775642774
rxn18372_c,0.9998515219999999,0.8451479775642774
rxn18550_c,0.9998515219999999,0.8451479775642774
rxn18389_c,0.9998515219999999,0.8451479775642774
rxn18331_c,0.9998515219999999,0.8451479775642774
rxn18390_c,0.9998515219999999,0.8451479775642774
rxn18404_c,0.9998515219999999,0.8451479775642774
rxn18403_c,0.9998515219999999,0.8451479775642774
rxn18402_c,0.9998515219999999,0.8451479775642774
rxn18258_c,0.9998515219999999,0.8451479775642774
rxn18401_c,0.9998515219999999,0.8451479775642774
rxn18400_c,0.9998515219999999,0.8451479775642774
rxn18399_c,0.9998515219999999,0.8451479775642774
rxn18398_c,0.9998515219999999,0.8451479775642774
rxn18397_c,0.9998515219999999,0.8451479775642774
rxn18396_c,0.9998515219999999,0.8451479775642774
rxn18395_c,0.9998515219999999,0.8451479775642774
rxn18394_c,0.9998515219999999,0.8451479775642774
rxn18393_c,0.9998515219999999,0.8451479775642774
rxn18392_c,0.9998515219999999,0.8451479775642774
rxn18391_c,0.9998515219999999,0.8451479775642774
rxn18371_c,0.9998515219999999,0.8451479775642774
rxn18370_c,0.9998515219999999,0.8451479775642774
rxn18251_c,0.9998515219999999,0.8451479775642773
rxn18368_c,0.9998515219999999,0.8451479775642774
rxn18346_c,0.9998515219999999,0.8451479775642774
rxn18344_c,0.9998515219999999,0.8451479775642774
rxn18343_c,0.9998515219999999,0.8451479775642774
rxn18342_c,0.9998515219999999,0.8451479775642774
rxn18341_c,0.9998515219999999,0.8451479775642774
rxn18340_c,0.9998515219999999,0.8451479775642774
rxn18339_c,0.9998515219999999,0.8451479775642773
rxn18338_c,0.9998515219999999,0.8451479775642774
rxn18337_c,0.9998515219999999,0.8451479775642774
rxn18252_c,0.9998515219999999,0.8451479775642774
rxn18336_c,0.9998515219999999,0.8451479775642774
rxn18335_c,0.9998515219999999,0.8451479775642774
rxn18334_c,0.9998515219999999,0.8451479775642774
rxn18333_c,0.9998515219999999,0.8451479775642774
rxn18332_c,0.9998515219999999,0.8451479775642774
rxn18347_c,0.9998515219999999,0.8451479775642774
rxn18348_c,0.9998515219999999,0.8451479775642774
rxn18349_c,0.9998515219999999,0.8451479775642773
rxn18359_c,0.9998515219999999,0.8451479775642774
rxn18367_c,0.9998515219999999,0.8451479775642774
rxn18366_c,0.9998515219999999,0.8451479775642774
rxn18365_c,0.9998515219999999,0.8451479775642773
rxn18364_c,0.9998515219999999,0.8451479775642774
rxn18363_c,0.9998515219999999,0.8451479775642774
rxn18362_c,0.9998515219999999,0.8451479775642774
rxn18358_c,0.9998515219999999,0.8451479775642774
rxn18350_c,0.9998515219999999,0.8451479775642774
rxn18357_c,0.9998515219999999,0.8451479775642774
rxn18356_c,0.9998515219999999,0.8451479775642774
rxn18354_c,0.9998515219999999,0.8451479775642774
rxn18353_c,0.9998515219999999,0.8451479775642774
rxn18352_c,0.9998515219999999,0.8451479775642774
rxn18351_c,0.9998515219999999,0.8451479775642774
rxn18387_c,0.9998515219999999,0.8451479775642774
rxn18306_c,0.9998515219999999,0.8451479775642774
rxn18551_c,0.9998515219999999,0.8451479775642774
rxn18774_c,0.9998515219999999,0.8451479775642774
rxn18781_c,0.9998515219999999,0.8451479775642774
rxn18780_c,0.9998515219999999,0.8451479775642774
rxn18779_c,0.9998515219999999,0.8451479775642774
rxn18778_c,0.9998515219999999,0.8451479775642773
rxn18777_c,0.9998515219999999,0.8451479775642774
rxn18776_c,0.9998515219999999,0.8451479775642774
rxn18775_c,0.9998515219999999,0.8451479775642774
rxn18773_c,0.9998515219999999,0.8451479775642774
rxn18783_c,0.9998515219999999,0.8451479775642774
rxn18772_c,0.9998515219999999,0.8451479775642773
rxn18771_c,0.9998515219999999,0.8451479775642774
rxn18770_c,0.9998515219999999,0.8451479775642774
rxn18769_c,0.9998515219999999,0.8451479775642774
rxn18768_c,0.9998515219999999,0.8451479775642774
rxn18767_c,0.9998515219999999,0.8451479775642774
rxn18766_c,0.9998515219999999,0.8451479775642774
rxn18782_c,0.9998515219999999,0.8451479775642774
rxn18784_c,0.9998515219999999,0.8451479775642774
rxn18764_c,0.9998515219999999,0.8451479775642774
rxn18897_c,0.9998515219999999,0.8451479775642774
rxn18889_c,0.9998515219999999,0.8451479775642774
rxn18890_c,0.9998515219999999,0.8451479775642774
rxn18891_c,0.9998515219999999,0.8451479775642774
rxn18892_c,0.9998515219999999,0.8451479775642774
rxn18893_c,0.9998515219999999,0.8451479775642774
rxn18894_c,0.9998515219999999,0.8451479775642774
rxn18896_c,0.9998515219999999,0.8451479775642774
rxn18899_c,0.9998515219999999,0.8451479775642774
rxn18785_c,0.9998515219999999,0.8451479775642774
rxn18900_c,0.9998515219999999,0.8451479775642774
rxn18901_c,0.9998515219999999,0.8451479775642773
rxn18903_c,0.9998515219999999,0.8451479775642774
rxn18907_c,0.9998515219999999,0.8451479775642774
rxn18909_c,0.9998515219999999,0.8451479775642774
rxn18789_c,0.9998515219999999,0.8451479775642774
rxn18786_c,0.9998515219999999,0.8451479775642774
rxn18765_c,0.9998515219999999,0.8451479775642774
rxn18763_c,0.9998515219999999,0.8451479775642774
rxn18725_c,0.9998515219999999,0.8451479775642774
rxn18737_c,0.9998515219999999,0.8451479775642774
rxn18743_c,0.9998515219999999,0.8451479775642774
rxn18742_c,0.9998515219999999,0.8451479775642774
rxn18741_c,0.9998515219999999,0.8451479775642774
rxn18740_c,0.9998515219999999,0.8451479775642774
rxn37985_c,0.9998515219999999,0.8451479775642774
rxn18739_c,0.9998515219999999,0.8451479775642774
rxn18738_c,0.9998515219999999,0.8451479775642774
rxn18736_c,0.9998515219999999,0.8451479775642774
rxn37986_c,0.9998515219999999,0.8451479775642774
rxn18735_c,0.9998515219999999,0.8451479775642774
rxn18734_c,0.9998515219999999,0.8451479775642774
rxn18733_c,0.9998515219999999,0.8451479775642773
rxn18732_c,0.9998515219999999,0.8451479775642774
rxn18729_c,0.9998515219999999,0.8451479775642774
rxn18728_c,0.9998515219999999,0.8451479775642774
rxn18727_c,0.9998515219999999,0.8451479775642774
rxn18744_c,0.9998515219999999,0.8451479775642774
rxn18745_c,0.9998515219999999,0.8451479775642774
rxn18762_c,0.9998515219999999,0.8451479775642774
rxn18754_c,0.9998515219999999,0.8451479775642774
rxn18761_c,0.9998515219999999,0.8451479775642774
rxn18760_c,0.9998515219999999,0.8451479775642774
rxn18759_c,0.9998515219999999,0.8451479775642774
rxn18758_c,0.9998515219999999,0.8451479775642774
rxn18757_c,0.9998515219999999,0.8451479775642774
rxn18756_c,0.9998515219999999,0.8451479775642774
rxn18755_c,0.9998515219999999,0.8451479775642774
rxn18753_c,0.9998515219999999,0.8451479775642774
rxn18746_c,0.9998515219999999,0.8451479775642774
rxn18752_c,0.9998515219999999,0.8451479775642774
rxn18751_c,0.9998515219999999,0.8451479775642774
rxn18750_c,0.9998515219999999,0.8451479775642774
rxn18749_c,0.9998515219999999,0.8451479775642774
rxn37989_c,0.9998515219999999,0.8451479775642774
rxn18748_c,0.9998515219999999,0.8451479775642774
rxn18747_c,0.9998515219999999,0.8451479775642774
rxn18888_c,0.9998515219999999,0.8451479775642774
rxn18887_c,0.9998515219999999,0.8451479775642774
rxn18886_c,0.9998515219999999,0.8451479775642774
rxn18823_c,0.9998515219999999,0.8451479775642774
rxn18816_c,0.9998515219999999,0.8451479775642774
rxn18817_c,0.9998515219999999,0.8451479775642774
rxn18818_c,0.9998515219999999,0.8451479775642774
rxn18819_c,0.9998515219999999,0.8451479775642774
rxn18820_c,0.9998515219999999,0.8451479775642774
rxn18821_c,0.9998515219999999,0.8451479775642774
rxn18822_c,0.9998515219999999,0.8451479775642774
rxn18824_c,0.9998515219999999,0.8451479775642774
rxn18814_c,0.9998515219999999,0.8451479775642774
rxn18825_c,0.9998515219999999,0.8451479775642774
rxn18826_c,0.9998515219999999,0.8451479775642773
rxn18827_c,0.9998515219999999,0.8451479775642774
rxn18828_c,0.9998515219999999,0.8451479775642774
rxn18829_c,0.9998515219999999,0.8451479775642774
rxn18830_c,0.9998515219999999,0.8451479775642774
rxn18831_c,0.9998515219999999,0.8451479775642774
rxn18815_c,0.9998515219999999,0.8451479775642774
rxn18813_c,0.9998515219999999,0.8451479775642774
rxn18885_c,0.9998515219999999,0.8451479775642774
rxn18802_c,0.9998515219999999,0.8451479775642774
rxn18795_c,0.9998515219999999,0.8451479775642773
rxn18796_c,0.9998515219999999,0.8451479775642773
rxn18797_c,0.9998515219999999,0.8451479775642774
rxn18798_c,0.9998515219999999,0.8451479775642774
rxn18799_c,0.9998515219999999,0.8451479775642774
rxn18800_c,0.9998515219999999,0.8451479775642774
rxn18801_c,0.9998515219999999,0.8451479775642774
rxn18804_c,0.9998515219999999,0.8451479775642774
rxn18812_c,0.9998515219999999,0.8451479775642774
rxn18805_c,0.9998515219999999,0.8451479775642774
rxn18806_c,0.9998515219999999,0.8451479775642774
rxn18807_c,0.9998515219999999,0.8451479775642774
rxn18808_c,0.9998515219999999,0.8451479775642774
rxn18809_c,0.9998515219999999,0.8451479775642774
rxn18810_c,0.9998515219999999,0.8451479775642774
rxn18811_c,0.9998515219999999,0.8451479775642774
rxn18790_c,0.9998515219999999,0.8451479775642774
rxn18832_c,0.9998515219999999,0.8451479775642774
rxn18833_c,0.9998515219999999,0.8451479775642774
rxn18876_c,0.9998515219999999,0.8451479775642774
rxn18869_c,0.9998515219999999,0.8451479775642774
rxn18870_c,0.9998515219999999,0.8451479775642774
rxn18871_c,0.9998515219999999,0.8451479775642774
rxn18872_c,0.9998515219999999,0.8451479775642774
rxn18873_c,0.9998515219999999,0.8451479775642774
rxn18874_c,0.9998515219999999,0.8451479775642774
rxn18875_c,0.9998515219999999,0.8451479775642774
rxn18877_c,0.9998515219999999,0.8451479775642774
rxn18834_c,0.9998515219999999,0.8451479775642774
rxn18878_c,0.9998515219999999,0.8451479775642774
rxn18879_c,0.9998515219999999,0.8451479775642774
rxn18880_c,0.9998515219999999,0.8451479775642774
rxn18881_c,0.9998515219999999,0.8451479775642774
rxn18882_c,0.9998515219999999,0.8451479775642774
rxn18883_c,0.9998515219999999,0.8451479775642774
rxn18884_c,0.9998515219999999,0.8451479775642774
rxn18868_c,0.9998515219999999,0.8451479775642774
rxn18867_c,0.9998515219999999,0.8451479775642774
rxn18866_c,0.9998515219999999,0.8451479775642774
rxn18865_c,0.9998515219999999,0.8451479775642774
rxn18835_c,0.9998515219999999,0.8451479775642774
rxn18844_c,0.9998515219999999,0.8451479775642774
rxn18845_c,0.9998515219999999,0.8451479775642774
rxn18846_c,0.9998515219999999,0.8451479775642774
rxn18854_c,0.9998515219999999,0.8451479775642774
rxn18855_c,0.9998515219999999,0.8451479775642774
rxn18856_c,0.9998515219999999,0.8451479775642774
rxn18857_c,0.9998515219999999,0.8451479775642774
rxn18858_c,0.9998515219999999,0.8451479775642774
rxn18859_c,0.9998515219999999,0.8451479775642774
rxn18860_c,0.9998515219999999,0.8451479775642774
rxn18861_c,0.9998515219999999,0.8451479775642774
rxn18862_c,0.9998515219999999,0.8451479775642773
rxn18863_c,0.9998515219999999,0.8451479775642774
rxn18864_c,0.9998515219999999,0.8451479775642774
rxn18726_c,0.9998515219999999,0.8451479775642774
rxn18724_c,0.9998515219999999,0.8451479775642774
rxn18553_c,0.9998515219999999,0.8451479775642774
rxn18610_c,0.9998515219999999,0.8451479775642774
rxn18617_c,0.9998515219999999,0.8451479775642774
rxn18616_c,0.9998515219999999,0.8451479775642774
rxn18615_c,0.9998515219999999,0.8451479775642773
rxn18614_c,0.9998515219999999,0.8451479775642773
rxn18613_c,0.9998515219999999,0.8451479775642774
rxn18612_c,0.9998515219999999,0.8451479775642774
rxn18611_c,0.9998515219999999,0.8451479775642774
rxn18609_c,0.9998515219999999,0.8451479775642774
rxn18619_c,0.9998515219999999,0.8451479775642774
rxn18608_c,0.9998515219999999,0.8451479775642774
rxn18607_c,0.9998515219999999,0.8451479775642774
rxn18606_c,0.9998515219999999,0.8451479775642773
rxn18605_c,0.9998515219999999,0.8451479775642774
rxn18604_c,0.9998515219999999,0.8451479775642774
rxn18603_c,0.9998515219999999,0.8451479775642774
rxn18602_c,0.9998515219999999,0.8451479775642773
rxn18618_c,0.9998515219999999,0.8451479775642774
rxn18620_c,0.9998515219999999,0.8451479775642774
rxn18600_c,0.9998515219999999,0.8451479775642774
rxn18630_c,0.9998515219999999,0.8451479775642774
rxn18638_c,0.9998515219999999,0.8451479775642773
rxn18637_c,0.9998515219999999,0.8451479775642774
rxn18636_c,0.9998515219999999,0.8451479775642774
rxn18634_c,0.9998515219999999,0.8451479775642774
rxn18633_c,0.9998515219999999,0.8451479775642774
rxn18632_c,0.9998515219999999,0.8451479775642774
rxn18631_c,0.9998515219999999,0.8451479775642774
rxn18629_c,0.9998515219999999,0.8451479775642774
rxn18621_c,0.9998515219999999,0.8451479775642774
rxn18628_c,0.9998515219999999,0.8451479775642774
rxn18627_c,0.9998515219999999,0.8451479775642774
rxn18626_c,0.9998515219999999,0.8451479775642774
rxn18625_c,0.9998515219999999,0.8451479775642774
rxn18624_c,0.9998515219999999,0.8451479775642774
rxn18623_c,0.9998515219999999,0.8451479775642774
rxn18622_c,0.9998515219999999,0.8451479775642774
rxn18601_c,0.9998515219999999,0.8451479775642774
rxn18599_c,0.9998515219999999,0.8451479775642774
rxn18723_c,0.9998515219999999,0.8451479775642774
rxn18564_c,0.9998515219999999,0.8451479775642774
rxn18571_c,0.9998515219999999,0.8451479775642774
rxn18570_c,0.9998515219999999,0.8451479775642774
rxn18569_c,0.9998515219999999,0.8451479775642774
rxn18568_c,0.9998515219999999,0.8451479775642774
rxn18567_c,0.9998515219999999,0.8451479775642774
rxn18566_c,0.9998515219999999,0.8451479775642774
rxn18231_c,0.9998515219999999,0.8451479775642774
rxn18561_c,0.9998515219999999,0.8451479775642774
rxn18574_c,0.9998515219999999,0.8451479775642774
rxn18560_c,0.9998515219999999,0.8451479775642774
rxn18559_c,0.9998515219999999,0.8451479775642774
rxn18558_c,0.9998515219999999,0.8451479775642773
rxn18557_c,0.9998515219999999,0.8451479775642774
rxn18556_c,0.9998515219999999,0.8451479775642774
rxn18555_c,0.9998515219999999,0.8451479775642774
rxn18554_c,0.9998515219999999,0.8451479775642774
rxn18572_c,0.9998515219999999,0.8451479775642774
rxn18576_c,0.9998515219999999,0.8451479775642774
rxn18598_c,0.9998515219999999,0.8451479775642774
rxn18590_c,0.9998515219999999,0.8451479775642774
rxn18597_c,0.9998515219999999,0.8451479775642774
rxn18596_c,0.9998515219999999,0.8451479775642774
rxn18595_c,0.9998515219999999,0.8451479775642774
rxn18594_c,0.9998515219999999,0.8451479775642774
rxn18593_c,0.9998515219999999,0.8451479775642774
rxn18592_c,0.9998515219999999,0.8451479775642774
rxn18591_c,0.9998515219999999,0.8451479775642774
rxn18589_c,0.9998515219999999,0.8451479775642774
rxn18577_c,0.9998515219999999,0.8451479775642774
rxn18587_c,0.9998515219999999,0.8451479775642774
rxn18586_c,0.9998515219999999,0.8451479775642774
rxn18583_c,0.9998515219999999,0.8451479775642774
rxn18582_c,0.9998515219999999,0.8451479775642774
rxn18581_c,0.9998515219999999,0.8451479775642774
rxn18580_c,0.9998515219999999,0.8451479775642774
rxn18578_c,0.9998515219999999,0.8451479775642774
rxn18639_c,0.9998515219999999,0.8451479775642774
rxn18640_c,0.9998515219999999,0.8451479775642774
rxn18641_c,0.9998515219999999,0.8451479775642774
rxn18695_c,0.9998515219999999,0.8451479775642774
rxn18702_c,0.9998515219999999,0.8451479775642774
rxn18701_c,0.9998515219999999,0.8451479775642774
rxn18700_c,0.9998515219999999,0.8451479775642774
rxn18699_c,0.9998515219999999,0.8451479775642774
rxn18698_c,0.9998515219999999,0.8451479775642774
rxn18697_c,0.9998515219999999,0.8451479775642774
rxn18696_c,0.9998515219999999,0.8451479775642774
rxn18694_c,0.9998515219999999,0.8451479775642774
rxn18704_c,0.9998515219999999,0.8451479775642774
rxn18692_c,0.9998515219999999,0.8451479775642774
rxn18691_c,0.9998515219999999,0.8451479775642774
rxn18690_c,0.9998515219999999,0.8451479775642774
rxn18689_c,0.9998515219999999,0.8451479775642774
rxn18688_c,0.9998515219999999,0.8451479775642774
rxn18687_c,0.9998515219999999,0.8451479775642774
rxn18686_c,0.9998515219999999,0.8451479775642774
rxn18703_c,0.9998515219999999,0.8451479775642774
rxn18705_c,0.9998515219999999,0.8451479775642774
rxn18642_c,0.9998515219999999,0.8451479775642774
