WP_004567954.1	4.2.1.20
WP_004567953.1	4.2.1.20
WP_003854900.1	1.1.1.3
WP_003862609.1	4.2.1.51
WP_003862250.1	1.2.1.12
WP_003862252.1	2.7.2.3
WP_170844394.1	1.4.1.4
WP_003862033.1	4.3.1.19
WP_003854402.1	-
WP_003861135.1	2.8.1.6
WP_003858324.1	5.2.1.8
WP_003863349.1	1.2.1.11
WP_003857444.1	-
WP_003859378.1	4.1.3.1
WP_011013505.1	-
WP_011014781.1	-
WP_003855973.1	-
WP_003854117.1	1.1.1.86
WP_003862874.1	2.7.2.1
WP_003856413.1	4.3.2.10
WP_003858678.1	6.3.4.5
WP_003855910.1	2.7.6.5
WP_003857951.1	-
WP_011897259.1	3.6.1.31
WP_003860435.1	4.2.1.10
WP_003860375.1	-
WP_003858683.1	-
WP_003857183.1	4.1.1.11
WP_003861337.1	-
WP_003859897.1	3.6.4.12
WP_003856418.1	5.3.1.16
WP_003861983.1	4.2.1.19
WP_003862217.1	6.3.5.5
WP_006284182.1	2.7.4.22
WP_003863118.1	6.3.5.3,3.5.1.2
WP_003858448.1	-
WP_003856756.1	4.2.1.11
WP_003854304.1	-
WP_003859294.1	2.7.4.6
WP_003858721.1	-
WP_003858849.1	1.1.1.94
WP_003858084.1	-
WP_003854221.1	-
WP_003862850.1	2.4.2.10
WP_003858439.1	-
WP_003862229.1	2.1.2.9
WP_003856634.1	2.8.1.8
WP_003858719.1	-
WP_003859343.1	-
WP_003856549.1	-
WP_003858441.1	-
WP_003854422.1	-
WP_003854222.1	-
WP_003859304.1	-
WP_003858446.1	-
WP_003854559.1	-
WP_003856127.1	3.6.1.27
WP_003856281.1	6.3.4.2
WP_003854344.1	-
WP_003854210.1	-
WP_003855074.1	-
WP_003859450.1	-
WP_004568094.1	1.17.7.4
WP_003860361.1	2.1.1.199
WP_003862210.1	2.1.3.2
WP_003861694.1	-
WP_003860060.1	2.7.6.1
WP_003860977.1	3.1.26.5
WP_003863507.1	-
WP_003861382.1	2.8.1.13
WP_003854998.1	-
WP_011014519.1	3.1.21.10
WP_011015011.1	-
WP_003859221.1	3.4.21.92
WP_003854128.1	4.2.1.9
WP_003863110.1	6.3.2.6
WP_003862391.1	2.1.1.45
WP_003863105.1	6.3.4.13
WP_003856004.1	3.5.1.88
WP_003854347.1	-
WP_003855496.1	5.4.2.11
WP_003854298.1	-
WP_003861938.1	3.1.26.3
WP_003854428.1	-
WP_003856633.1	2.3.1.181
WP_003856790.1	2.1.2.1
WP_003859832.1	3.1.1.96
WP_003858828.1	2.7.7.3
WP_003861074.1	-
WP_003862917.1	5.6.1.7
WP_003856023.1	-
WP_003854425.1	-
WP_003860476.1	4.2.1.41
WP_003854640.1	2.3.1.286
WP_003857385.1	-
WP_003857708.1	3.5.1.5
WP_003854761.1	6.3.5.-
WP_003862894.1	3.5.1.88
WP_003854292.1	-
WP_003854314.1	-
WP_003854293.1	-
WP_003857945.1	-
WP_003860838.1	3.5.1.2
WP_003856018.1	2.5.1.78
WP_003860253.1	-
WP_003854317.1	-
WP_003854297.1	-
WP_003858407.1	-
WP_003854291.1	-
WP_003854296.1	-
WP_003857047.1	6.1.1.14
WP_003859640.1	-
WP_003853704.1	6.3.2.2
WP_011014948.1	7.1.1.9
WP_003857542.1	-
WP_003855320.1	-
WP_003854346.1	-
WP_003854302.1	-
WP_003857482.1	-
WP_003856101.1	-
WP_003854306.1	-
WP_003859321.1	1.2.1.41
WP_003859319.1	1.-.-.-
WP_011015063.1	2.7.2.11
WP_003860588.1	-
WP_003860764.1	3.5.4.9,1.5.1.5
WP_003854312.1	-
WP_003859302.1	-
WP_003854632.1	7.4.2.11
WP_003860590.1	-
WP_003856253.1	-
WP_003854434.1	2.7.7.6
WP_003854539.1	5.4.2.10
WP_003854213.1	2.7.7.6
WP_003853639.1	6.3.4.4
WP_003856803.1	3.5.2.9
WP_003857579.1	-
WP_003854207.1	-
WP_003854535.1	-
WP_003854189.1	-
WP_003861895.1	2.8.1.10
WP_003854896.1	2.7.1.39
WP_003855092.1	1.14.-.-
WP_003863410.1	4.6.1.17
WP_003856535.1	2.7.8.13
WP_003854177.1	2.1.1.163
WP_003854838.1	7.1.2.2
WP_003854828.1	3.1.-.-
WP_003859457.1	3.1.-.-
WP_003860849.1	3.1.15.-
WP_003856426.1	2.6.1.9
WP_003858695.1	2.7.2.8
WP_003862219.1	4.1.1.23
WP_003854294.1	-
WP_003856789.1	2.7.1.33
WP_003857919.1	4.2.1.-
WP_003856410.1	3.5.4.19
WP_003853648.1	6.3.1.21
WP_003854431.1	-
WP_003855899.1	3.6.4.12
WP_003856367.1	3.6.1.7
WP_003855311.1	2.1.1.-
WP_011897551.1	2.7.7.7
WP_003855212.1	-
WP_003861738.1	2.1.1.192
WP_003860437.1	1.1.1.24
WP_003863137.1	-
WP_003859932.1	-
WP_003858409.1	-
WP_003862248.1	-
WP_003854845.1	-
WP_003856167.1	-
WP_003858626.1	3.5.1.103
WP_003863790.1	2.3.1.117
WP_003863342.1	2.8.4.2
WP_003862355.1	3.-.-.-
WP_003855810.1	-
WP_003854667.1	2.5.1.49
WP_003859882.1	2.7.8.-
WP_003863076.1	-
WP_003860980.1	-
WP_003855336.1	-
WP_003860982.1	-
WP_003860983.1	-
WP_003860984.1	5.99.1.3
WP_094244198.1	-
WP_003860988.1	-
WP_003855342.1	-
WP_011896349.1	-
WP_003860993.1	-
WP_003855345.1	-
WP_003860994.1	5.99.1.3
WP_003860996.1	-
WP_003860997.1	-
WP_003860999.1	-
WP_003861004.1	-
WP_003861007.1	-
WP_003861009.1	-
WP_003861011.1	3.4.24.-
WP_003861013.1	1.1.1.346
WP_003861016.1	1.5.1.40
WP_003861024.1	1.6.5.5
WP_003861026.1	-
WP_003861028.1	2.4.1.56
WP_003861032.1	2.7.7.2
WP_003861035.1	-
WP_003861037.1	-
WP_003861039.1	2.4.1.132
WP_003861041.1	2.4.1.132
WP_232508465.1	2.7.13.3
WP_074495325.1	2.4.-.-
WP_230622866.1	3.2.1.4
WP_003855372.1	-
WP_003861049.1	1.14.17.3
WP_003861051.1	-
WP_034983416.1	-
WP_003861057.1	-
WP_011013332.1	-
WP_003855379.1	-
WP_003861061.1	3.6.3.17
WP_003861063.1	-
WP_170844398.1	5.2.1.8
WP_034983883.1	3.4.21.105
WP_094244199.1	-
WP_003861071.1	-
WP_003861072.1	-
WP_003861077.1	2.7.11.1
WP_003861079.1	2.7.11.1
WP_003861081.1	-
WP_003861083.1	2.4.1.129
WP_003861085.1	3.1.3.16
WP_003861086.1	-
WP_231107870.1	3.4.19.12
WP_230622868.1	-
WP_003861093.1	1.1.-.-
WP_046552170.1	-
WP_003861098.1	-
WP_003861100.1	5.3.3.1
WP_034983884.1	1.-.-.-
WP_003861102.1	-
WP_003861104.1	1.-.-.-
WP_003861106.1	1.2.1.16
WP_003861110.1	-
WP_003861112.1	-
WP_003861114.1	2.8.1.1
WP_003861116.1	-
WP_003861117.1	-
WP_003861118.1	3.1.3.11
WP_003861120.1	5.4.99.27
WP_003855408.1	-
WP_003861123.1	-
WP_003861125.1	-
WP_003861127.1	4.1.1.84
WP_003861128.1	-
WP_003861129.1	-
WP_003861130.1	3.6.4.12
WP_003861131.1	-
WP_003861133.1	2.7.13.3
WP_003855418.1	-
WP_003861134.1	1.1.1.79
WP_003855420.1	-
WP_011013366.1	-
WP_003859957.1	-
WP_003859955.1	3.5.4.42
WP_003859953.1	-
WP_003859952.1	-
WP_034983425.1	3.5.1.-
WP_094244200.1	3.1.1.3
WP_003859946.1	-
WP_003859944.1	-
WP_003859942.1	-
WP_003859941.1	3.5.1.5
WP_003859939.1	3.5.1.5
WP_003859936.1	-
WP_003859934.1	-
WP_003859929.1	-
WP_003859926.1	-
WP_003859924.1	-
WP_003859922.1	-
WP_144290629.1	-
WP_003863681.1	-
WP_003863682.1	1.2.1.88
WP_003863683.1	1.1.1.-
WP_034983430.1	-
WP_003863685.1	3.5.1.-
WP_003857248.1	-
WP_003857246.1	-
WP_034983433.1	-
WP_230622874.1	-
WP_003863690.1	-
WP_003863691.1	3.1.3.-
WP_003863692.1	5.3.1.9
WP_003863693.1	-
WP_003863694.1	-
WP_003863695.1	2.7.1.17
WP_003863696.1	6.3.2.1
WP_003863698.1	-
WP_003863699.1	-
WP_003863700.1	-
WP_003863701.1	-
WP_003863703.1	3.2.2.-
WP_003863704.1	-
WP_003857210.1	3.6.1.9
WP_003863705.1	-
WP_006283847.1	-
WP_094244201.1	-
WP_003863707.1	-
WP_003863708.1	-
WP_003863709.1	-
WP_003863710.1	-
WP_003863711.1	-
WP_003863712.1	-
WP_003857181.1	3.4.24.-
WP_003857179.1	-
WP_034983438.1	-
WP_003863714.1	-
WP_003863715.1	1.21.4.2
WP_003863717.1	2.3.1.-
WP_034983442.1	1.14.11.33
WP_230622875.1	3.2.2.-
WP_003857164.1	-
WP_003863720.1	-
WP_003863721.1	-
WP_003863722.1	-
WP_003863723.1	3.1.1.-
WP_230622876.1	-
WP_003863725.1	-
WP_003863726.1	3.4.24.-
WP_094244202.1	2.1.1.86
WP_003863728.1	-
WP_034983145.1	-
WP_034983451.1	-
WP_003857140.1	-
WP_003857138.1	2.7.1.-
WP_003862466.1	1.2.1.27
WP_003862468.1	5.3.1.30
WP_003857130.1	3.7.1.22
WP_003857128.1	4.2.1.44
WP_003862470.1	1.1.1.369
WP_003862472.1	-
WP_003862474.1	-
WP_003862476.1	1.-.-.-
WP_003857119.1	-
WP_003862478.1	-
WP_003862480.1	-
WP_003862481.1	1.-.-.-
WP_003862483.1	5.3.1.5
WP_003862485.1	-
WP_003862487.1	-
WP_003862490.1	-
WP_003862491.1	2.1.1.-
WP_003862494.1	2.3.1.-
WP_003862498.1	-
WP_003862500.1	-
WP_003862502.1	-
WP_006285365.1	-
WP_003863466.1	-
WP_034983459.1	1.4.7.1
WP_003863464.1	-
WP_003863458.1	-
WP_144290631.1	2.7.13.3
WP_003863455.1	3.6.3.-
WP_003863453.1	-
WP_003863451.1	3.1.27.-
WP_003863450.1	1.1.1.-
WP_196763688.1	-
WP_003863446.1	-
WP_003863444.1	-
WP_003857671.1	1.1.1.-
WP_003863441.1	1.2.1.8
WP_003857667.1	-
WP_003863438.1	-
WP_094244203.1	-
WP_003863434.1	-
WP_003863432.1	-
WP_003857656.1	-
WP_034983463.1	-
WP_003863426.1	2.4.-.-
WP_003857649.1	-
WP_198303636.1	-
WP_003863419.1	-
WP_003863418.1	1.-.-.-
WP_003863417.1	-
WP_003857637.1	-
WP_003863416.1	-
WP_094244205.1	2.1.1.64
WP_003863412.1	2.8.1.12
WP_003863411.1	-
WP_003863409.1	2.10.1.1
WP_003863408.1	-
WP_003863407.1	-
WP_003863405.1	-
WP_003863403.1	3.6.3.30
WP_003857613.1	-
WP_034983466.1	2.6.1.9
WP_003863396.1	-
WP_003863395.1	-
WP_003855646.1	1.3.1.12
WP_003863394.1	-
WP_003863392.1	3.5.4.33
WP_003863391.1	-
WP_230622879.1	-
WP_003863388.1	-
WP_034983471.1	2.4.2.29
WP_003863385.1	-
WP_003863384.1	2.7.2.-
WP_003863383.1	3.6.3.-
WP_040072452.1	6.1.1.-
WP_003863381.1	1.13.11.-
WP_230622881.1	2.6.1.57
WP_034983475.1	-
WP_003863377.1	-
WP_094244206.1	-
WP_230622882.1	2.3.1.20
WP_094244207.1	2.7.11.1
WP_003863372.1	2.3.1.-
WP_003863371.1	3.5.1.2
WP_003863369.1	6.2.1.20
WP_003863367.1	3.1.-.-
WP_003863364.1	-
WP_003863363.1	-
WP_034983480.1	-
WP_003863361.1	-
WP_003863359.1	-
WP_003863352.1	2.7.2.4
WP_003863346.1	-
WP_003855734.1	1.11.1.6
WP_034983484.1	-
WP_003855738.1	-
WP_003863345.1	-
WP_003855740.1	-
WP_003855742.1	-
WP_003863344.1	-
WP_003863340.1	-
WP_003863338.1	-
WP_003863336.1	-
WP_170844399.1	-
WP_003855762.1	-
WP_003863333.1	-
WP_034983487.1	-
WP_003863331.1	-
WP_003863330.1	-
WP_003863326.1	2.7.13.3
WP_003863325.1	-
WP_003863323.1	-
WP_003863322.1	3.1.-.-
WP_003863321.1	-
WP_003863320.1	2.4.1.129
WP_003863319.1	-
WP_003855791.1	-
WP_003863318.1	4.1.2.25
WP_003863317.1	-
WP_003863316.1	6.2.1.3
WP_003863315.1	-
WP_003863313.1	1.1.1.100
WP_003863311.1	4.-.-.-
WP_003863310.1	1.3.3.6
WP_003863309.1	4.2.1.17
WP_044394387.1	3.1.2.6
WP_003863306.1	-
WP_003863303.1	4.2.99.18
WP_003863302.1	-
WP_003863300.1	3.6.1.-
WP_003863298.1	2.7.13.3
WP_094244208.1	3.1.1.-
WP_003855817.1	-
WP_003863293.1	3.1.-.-
WP_003863292.1	-
WP_003863289.1	-
WP_003863288.1	-
WP_003863286.1	-
WP_003855827.1	-
WP_003863285.1	-
WP_003855829.1	-
WP_003855831.1	-
WP_003863283.1	5.99.1.2
WP_003863281.1	-
WP_034983497.1	-
WP_003863279.1	-
WP_003863277.1	-
WP_003863276.1	-
WP_003863275.1	-
WP_003863273.1	5.4.99.24
WP_003863269.1	1.1.1.1
WP_003863266.1	3.1.2.6
WP_003863265.1	1.-.-.-
WP_003863264.1	-
WP_003863263.1	5.1.3.2
WP_003863262.1	-
WP_003855424.1	-
WP_003863261.1	3.1.26.4
WP_003863260.1	2.4.1.-
WP_003863259.1	3.1.3.5
WP_034983505.1	3.5.1.102
WP_003863255.1	-
WP_003863254.1	2.7.7.24
WP_003863250.1	4.2.1.46
WP_003863249.1	1.-.-.-
WP_003863246.1	-
WP_003863244.1	-
WP_003863242.1	-
WP_003863239.1	3.4.11.-
WP_003863236.1	3.4.21.-
WP_230622886.1	-
WP_003863231.1	-
WP_003863230.1	-
WP_003863228.1	-
WP_003863225.1	-
WP_003863222.1	-
WP_034983511.1	-
WP_003863216.1	2.3.1.122
WP_003863215.1	5.1.3.14
WP_034983514.1	2.4.-.-
WP_003863210.1	1.-.-.-
WP_003863207.1	-
WP_003863204.1	2.4.-.-
WP_003863203.1	-
WP_003863202.1	2.4.-.-
WP_003863200.1	1.1.1.336
WP_003863198.1	-
WP_003863193.1	-
WP_003863192.1	2.1.1.-
WP_034983517.1	-
WP_003863188.1	1.1.1.22
WP_003863185.1	1.8.1.4
WP_003863183.1	2.7.7.9
WP_034983522.1	-
WP_034983522.1	-
WP_003859694.1	-
WP_003859707.1	-
WP_003859709.1	1.3.5.4
WP_003855467.1	1.12.1.2
WP_003859715.1	-
WP_003859717.1	-
WP_003859721.1	-
WP_003859724.1	-
WP_003859726.1	-
WP_003859728.1	-
WP_003859734.1	-
WP_003859736.1	-
WP_003859738.1	3.5.1.10
WP_170844354.1	4.1.2.4
WP_003859742.1	-
WP_003855480.1	-
WP_003859744.1	3.6.3.54
WP_003859746.1	-
WP_003859748.1	-
WP_003859750.1	-
WP_003859752.1	-
WP_003859754.1	3.6.3.-
WP_003859756.1	-
WP_003859758.1	-
WP_003859759.1	-
WP_003859761.1	-
WP_003855491.1	-
WP_003855492.1	1.3.1.98
WP_003859763.1	-
WP_003859765.1	6.2.1.3
WP_003859766.1	2.4.-.-
WP_003859768.1	2.7.13.3
WP_003859770.1	-
WP_003859772.1	-
WP_003859776.1	-
WP_003859778.1	-
WP_011265553.1	3.6.1.11
WP_003859780.1	-
WP_003855505.1	1.5.1.2
WP_003855509.1	-
WP_003855542.1	-
WP_034983451.1	-
WP_034983145.1	-
WP_003855543.1	3.1.-.-
WP_003855545.1	-
WP_193352740.1	1.2.1.70
WP_003860420.1	2.5.1.61
WP_034983905.1	-
WP_003860423.1	-
WP_003860425.1	-
WP_003860427.1	1.-.-.-
WP_003860439.1	-
WP_040072512.1	3.6.3.30
WP_003860444.1	-
WP_003860446.1	-
WP_040072514.1	2.1.1.107
WP_011265559.1	-
WP_003860452.1	4.2.1.24
WP_003860456.1	-
WP_003855576.1	-
WP_003860459.1	3.4.21.-
WP_003860460.1	4.1.1.37
WP_003860461.1	1.3.3.4
WP_170844355.1	5.4.3.8
WP_003860463.1	5.4.2.-
WP_003855585.1	-
WP_003860464.1	-
WP_003860465.1	-
WP_003860466.1	-
WP_003860468.1	-
WP_003860469.1	-
WP_003860470.1	-
WP_003855598.1	-
WP_003860472.1	2.5.1.74
WP_003855600.1	-
WP_003860473.1	2.7.13.3
WP_034983538.1	-
WP_003860475.1	1.2.1.4
WP_003860478.1	-
WP_003860479.1	-
WP_003860482.1	-
WP_230622894.1	-
WP_003860484.1	-
WP_003860485.1	3.1.-.-
WP_003860488.1	4.2.1.59
WP_170844352.1	-
WP_003860492.1	-
WP_034983909.1	-
WP_003860502.1	4.1.3.36
WP_003860504.1	4.2.1.96
WP_170844356.1	3.4.21.-
WP_094244210.1	4.2.1.113
WP_003860510.1	2.2.1.9
WP_003860512.1	-
WP_003860513.1	2.4.-.-
WP_309557687.1	-
WP_094244211.1	1.3.1.83
WP_003860519.1	2.5.1.29
WP_003860520.1	-
WP_003860521.1	-
WP_003860522.1	-
WP_003860523.1	-
WP_003854195.1	2.6.1.19
WP_003860524.1	1.2.1.79
WP_003860525.1	-
WP_003860526.1	3.6.3.5
WP_003860527.1	-
WP_003860528.1	-
WP_230622896.1	-
WP_034983912.1	-
WP_003860534.1	-
WP_003860535.1	-
WP_003860537.1	-
WP_003860540.1	-
WP_003860541.1	-
WP_003860545.1	3.6.3.34
WP_003860548.1	-
WP_003860551.1	-
WP_003860556.1	-
WP_003860559.1	-
WP_003860561.1	-
WP_170844387.1	3.1.1.3
WP_003860565.1	1.1.1.346
WP_003860567.1	1.16.1.-
WP_003860569.1	-
WP_003860571.1	-
WP_003860575.1	-
WP_003860577.1	-
WP_003860579.1	3.6.3.-
WP_034983552.1	-
WP_003860583.1	-
WP_094244213.1	3.4.21.-
WP_034983556.1	2.3.1.-
WP_003860592.1	-
WP_003860595.1	-
WP_003860598.1	1.2.1.3
WP_003860600.1	-
WP_094244214.1	1.18.1.5
WP_003860604.1	-
WP_003860608.1	1.1.1.50
WP_003860610.1	4.-.-.-
WP_003860613.1	6.5.1.2
WP_003860615.1	1.14.-.-
WP_038582788.1	-
WP_003860618.1	2.7.4.3
WP_003860620.1	3.4.11.18
WP_003860622.1	3.4.19.-
WP_003860624.1	1.1.1.22
WP_003860627.1	4.2.2.10
WP_003860628.1	4.2.2.3
WP_003860630.1	5.1.3.2
WP_230622898.1	2.4.1.-
WP_003860634.1	1.1.1.305
WP_003860638.1	-
WP_003860639.1	5.4.99.12
WP_034983561.1	-
WP_003860644.1	2.3.1.-
WP_003860648.1	-
WP_003860649.1	1.3.1.72
WP_003860651.1	2.1.1.-
WP_003860653.1	-
WP_003860655.1	3.4.21.-
WP_003860658.1	-
WP_003860662.1	-
WP_003860664.1	-
WP_003854533.1	-
WP_003860667.1	-
WP_003860674.1	-
WP_034983566.1	-
WP_231107885.1	-
WP_094244215.1	3.1.1.3
WP_003860680.1	5.1.1.1
WP_003854549.1	-
WP_003860682.1	-
WP_003860683.1	3.4.11.5
WP_003860684.1	-
WP_003860686.1	2.3.1.128
WP_003860688.1	2.3.1.234
WP_003860690.1	4.2.1.136
WP_003860693.1	-
WP_003854561.1	-
WP_003854562.1	-
WP_003854564.1	-
WP_003860697.1	-
WP_011265586.1	-
WP_003860701.1	1.1.1.205
WP_003854573.1	1.-.-.-
WP_003860705.1	-
WP_003860710.1	6.3.5.2
WP_003860713.1	-
WP_003860715.1	-
WP_011896826.1	-
WP_003860723.1	-
WP_034983570.1	-
WP_003854591.1	-
WP_003860728.1	-
WP_003860730.1	-
WP_003860732.1	-
WP_003860737.1	2.4.2.4
WP_003860740.1	-
WP_003860742.1	-
WP_003860744.1	-
WP_094244216.1	1.3.99.-
WP_003854604.1	2.5.1.-
WP_003860746.1	-
WP_003854606.1	2.5.1.10
WP_003860747.1	-
WP_003854611.1	4.-.-.-
WP_003854612.1	2.1.1.201
WP_170844357.1	4.1.99.3
WP_003854616.1	2.4.-.-
WP_231107889.1	-
WP_003860750.1	3.6.3.-
WP_003860751.1	-
WP_003860752.1	-
WP_034983578.1	2.7.7.7
WP_003860754.1	-
WP_003860755.1	-
WP_003860757.1	-
WP_003860761.1	3.5.-.-
WP_003860763.1	-
WP_003854647.1	2.1.1.207
WP_003860766.1	-
WP_232508467.1	-
WP_003860774.1	-
WP_003860777.1	2.3.1.31
WP_003860780.1	-
WP_094244217.1	-
WP_003860782.1	4.2.1.79
WP_003860785.1	2.3.3.5
WP_003860786.1	1.-.-.-
WP_003860789.1	1.1.1.337
WP_003860791.1	-
WP_003860794.1	-
WP_003860796.1	1.1.1.42
WP_094244218.1	-
WP_003860801.1	-
WP_003860802.1	-
WP_003860804.1	-
WP_003860806.1	-
WP_003854698.1	-
WP_003860808.1	3.1.-.-
WP_003854700.1	-
WP_003860810.1	-
WP_003863643.1	-
WP_003863642.1	-
WP_003858297.1	-
WP_003863641.1	6.1.1.2
WP_003858295.1	-
WP_003863640.1	-
WP_003863639.1	3.4.16.4
WP_003863638.1	-
WP_003863637.1	2.7.11.22
WP_011013813.1	-
WP_003863636.1	2.4.2.9
WP_003863635.1	-
WP_003863634.1	5.4.2.8
WP_003863633.1	3.-.-.-
WP_003858285.1	1.6.1.1
WP_003863632.1	6.4.1.1
WP_003863631.1	-
WP_003863630.1	-
WP_003863629.1	4.3.1.17
WP_003863628.1	4.2.1.79
WP_003863627.1	4.1.3.30
WP_003863626.1	2.3.3.5
WP_003863625.1	-
WP_003863624.1	-
WP_003863623.1	-
WP_003863622.1	6.3.4.14
WP_094244219.1	2.8.1.1
WP_003863620.1	2.7.1.134
WP_003863619.1	-
WP_003863618.1	2.4.1.-
WP_003863617.1	-
WP_003863616.1	-
WP_003863615.1	6.4.1.3
WP_003863614.1	6.4.1.3
WP_003863609.1	6.3.4.18
WP_003863608.1	-
WP_003858251.1	-
WP_003858249.1	5.4.99.18
WP_003863607.1	-
WP_003863606.1	-
WP_003863604.1	1.14.14.10
WP_003863603.1	1.5.1.33
WP_003863600.1	-
WP_003863599.1	-
WP_003863595.1	-
WP_003863593.1	-
WP_003863591.1	-
WP_003863589.1	-
WP_003863587.1	-
WP_003863586.1	3.6.3.20
WP_003863584.1	-
WP_003863583.1	-
WP_003863582.1	-
WP_034983595.1	1.2.1.8
WP_034983597.1	2.3.1.157
WP_170844389.1	-
WP_003863575.1	-
WP_003863574.1	5.4.2.8
WP_003863573.1	-
WP_003863572.1	5.3.1.8
WP_003863570.1	-
WP_003858196.1	-
WP_003863569.1	3.3.1.1
WP_003863567.1	2.7.4.9
WP_003863565.1	-
WP_181244858.1	2.7.13.3
WP_003863562.1	-
WP_230471468.1	3.6.4.12
WP_003858182.1	-
WP_003863560.1	-
WP_003858177.1	-
WP_003863558.1	3.1.3.48
WP_003858173.1	-
WP_003863555.1	3.6.1.-
WP_003863553.1	2.5.1.19
WP_003863551.1	3.4.-.-
WP_003863550.1	-
WP_003863549.1	-
WP_003858161.1	-
WP_003858159.1	-
WP_003858157.1	-
WP_003863545.1	-
WP_003863544.1	3.6.4.13
WP_003858150.1	-
WP_003863543.1	3.4.24.-
WP_003863542.1	-
WP_003863541.1	3.6.4.12
WP_094244220.1	3.1.-.-
WP_003863539.1	-
WP_003863538.1	3.6.1.22
WP_003858137.1	3.6.4.12
WP_003863537.1	-
WP_003858134.1	3.1.-.-
WP_003858132.1	-
WP_003863534.1	-
WP_003863531.1	-
WP_003863529.1	-
WP_003863528.1	-
WP_003858119.1	4.3.3.6
WP_034983601.1	3.5.1.2
WP_034983603.1	-
WP_003863521.1	3.4.21.-
WP_230471471.1	-
WP_003863518.1	-
WP_003863517.1	-
WP_003863511.1	3.1.3.25
WP_034983606.1	3.1.3.25
WP_003858089.1	3.6.3.-
WP_003858086.1	-
WP_003863504.1	-
WP_003863501.1	-
WP_003863500.1	-
WP_003863499.1	2.7.7.-
WP_003863498.1	-
WP_003863497.1	-
WP_003863496.1	-
WP_155268198.1	-
WP_003863493.1	-
WP_003863489.1	-
WP_003863486.1	-
WP_003858024.1	-
WP_003863482.1	-
WP_003863480.1	-
WP_003863478.1	-
WP_003863477.1	-
WP_003862352.1	2.6.1.7
WP_003862353.1	-
WP_003858302.1	3.6.4.12
WP_003862354.1	-
WP_003858306.1	-
WP_003858310.1	-
WP_003858312.1	-
WP_003862356.1	4.1.3.27
WP_003862358.1	4.1.3.38
WP_034983614.1	-
WP_003862361.1	2.1.1.-
WP_003862363.1	-
WP_003862365.1	-
WP_094244221.1	2.6.1.52
WP_034983619.1	2.3.3.16
WP_003862368.1	6.4.1.2
WP_003858328.1	-
WP_003862371.1	-
WP_003862372.1	3.5.2.6
WP_034983621.1	3.2.1.17
WP_003862376.1	4.2.1.59
WP_003862378.1	-
WP_003862382.1	2.3.1.31
WP_003862384.1	-
WP_003862386.1	-
WP_003858351.1	-
WP_003862388.1	1.5.1.3
WP_003862394.1	3.1.3.11
WP_034983623.1	3.6.4.-
WP_003862398.1	4.2.99.18
WP_003858364.1	-
WP_003862400.1	-
WP_034983625.1	-
WP_003862406.1	5.3.1.9
WP_230622908.1	-
WP_003858377.1	-
WP_003862408.1	3.6.4.12
WP_003862409.1	-
WP_003862410.1	3.6.3.-
WP_003862411.1	-
WP_003862412.1	3.5.1.-
WP_231107894.1	-
WP_003862414.1	3.5.4.10
WP_003862415.1	4.1.3.6
WP_003862416.1	-
WP_003862417.1	-
WP_003862418.1	-
WP_003858445.1	-
WP_003858451.1	-
WP_003862422.1	3.4.21.107
WP_003858456.1	2.7.7.75
WP_003862426.1	-
WP_003862430.1	2.7.7.72
WP_003858460.1	2.7.7.9
WP_003862432.1	2.10.1.1
WP_011265642.1	2.3.1.128
WP_003858464.1	-
WP_003858467.1	-
WP_003862437.1	-
WP_003858471.1	-
WP_003862438.1	6.3.2.-
WP_003862440.1	2.7.-.-
WP_003862443.1	2.1.1.198
WP_003862447.1	6.1.1.10
WP_003862449.1	3.6.4.12
WP_003862451.1	4.2.1.33
WP_034983630.1	1.1.5.12
WP_074495359.1	2.1.1.72
WP_011013963.1	-
WP_034983341.1	-
WP_034983633.1	3.1.-.-
WP_003861160.1	-
WP_003861157.1	2.1.1.182
WP_003861155.1	2.7.1.148
WP_003861152.1	-
WP_003861150.1	2.7.1.35
WP_003861148.1	1.21.99.4
WP_020948541.1	5.3.1.32
WP_003861146.1	5.3.1.32
WP_003861143.1	2.7.4.28
WP_003858506.1	3.1.3.23
WP_003861142.1	4.2.1.17
WP_011265649.1	-
WP_034983635.1	-
WP_034983636.1	2.3.1.20
WP_003859090.1	-
WP_003859086.1	-
WP_003858525.1	4.1.3.17
WP_011013979.1	-
WP_003859079.1	-
WP_034983637.1	-
WP_003860041.1	-
WP_003860043.1	-
WP_003856680.1	-
WP_003856682.1	-
WP_003860046.1	-
WP_003860048.1	-
WP_034983638.1	3.1.1.29
WP_003860051.1	4.1.2.21
WP_003860052.1	1.2.1.59
WP_011265654.1	-
WP_170844359.1	3.1.1.29
WP_003860057.1	-
WP_003856698.1	-
WP_003860062.1	2.3.1.157
WP_003860063.1	-
WP_003860065.1	1.-.-.-
WP_003860068.1	3.6.3.-
WP_003860070.1	-
WP_003860072.1	3.1.-.-
WP_003860075.1	-
WP_003860078.1	-
WP_003856720.1	-
WP_003860080.1	-
WP_003860081.1	-
WP_003860083.1	2.3.2.2
WP_003860084.1	-
WP_003860086.1	-
WP_003860088.1	-
WP_003860097.1	2.7.7.-
WP_003860098.1	-
WP_003860100.1	-
WP_003860102.1	-
WP_003860104.1	-
WP_003860109.1	-
WP_074495795.1	-
WP_003860112.1	-
WP_003860113.1	-
WP_003860114.1	-
WP_003860115.1	-
WP_003860116.1	-
WP_003860117.1	-
WP_003860118.1	-
WP_003860119.1	-
WP_003860121.1	-
WP_003860125.1	-
WP_003860126.1	-
WP_003860128.1	3.1.-.-
WP_157677919.1	-
WP_003860134.1	-
WP_230622915.1	-
WP_003860137.1	-
WP_003860139.1	-
WP_003860140.1	-
WP_003860142.1	-
WP_003860143.1	-
WP_003860145.1	-
WP_003860147.1	-
WP_003860149.1	-
WP_003860150.1	-
WP_003860153.1	-
WP_003860155.1	-
WP_144290615.1	-
WP_003860159.1	-
WP_052747657.1	3.1.-.-
WP_003863645.1	-
WP_003863646.1	-
WP_003863647.1	-
WP_034983651.1	-
WP_003863650.1	-
WP_003863651.1	-
WP_003863652.1	-
WP_003863653.1	-
WP_003863654.1	-
WP_003863655.1	3.2.1.17
WP_003863656.1	-
WP_003863657.1	-
WP_011896982.1	-
WP_003863658.1	3.6.4.-
WP_003863659.1	-
WP_003863660.1	-
WP_003863662.1	-
WP_003863663.1	-
WP_003863664.1	-
WP_004568179.1	-
WP_004568177.1	-
WP_004568176.1	-
WP_004568175.1	4.2.2.-
WP_004568171.1	-
WP_034983655.1	-
WP_004568167.1	2.7.1.33
WP_004568164.1	1.1.1.302
WP_004568162.1	-
WP_004568157.1	-
WP_004568155.1	-
WP_003856772.1	-
WP_003856773.1	-
WP_004568151.1	-
WP_004568150.1	2.5.1.54
WP_003856785.1	2.5.1.89
WP_004568149.1	-
WP_004568147.1	2.6.1.85
WP_004568141.1	-
WP_003856795.1	-
WP_004568136.1	-
WP_004568125.1	2.3.1.-
WP_094244224.1	-
WP_004568117.1	-
WP_004568115.1	-
WP_004568114.1	-
WP_004568112.1	-
WP_003856814.1	4.2.1.2
WP_004568110.1	-
WP_003856821.1	1.5.1.39
WP_004568109.1	4.1.1.31
WP_004568108.1	-
WP_004568107.1	-
WP_004568099.1	1.14.14.5
WP_004568098.1	3.1.3.37
WP_011897004.1	-
WP_004568096.1	-
WP_003856839.1	3.1.11.6
WP_004568095.1	3.1.11.6
WP_329955345.1	-
WP_004568092.1	-
WP_003856848.1	-
WP_004568083.1	-
WP_004568082.1	-
WP_004568081.1	-
WP_004568078.1	2.4.2.6
WP_034983959.1	3.1.-.-
WP_004568074.1	1.-.-.-
WP_004568072.1	-
WP_034983663.1	-
WP_231107899.1	-
WP_004568064.1	1.3.7.3
WP_004568061.1	-
WP_230622922.1	6.6.1.1
WP_094244225.1	5.4.2.11
WP_003856910.1	2.7.11.1
WP_004568056.1	4.2.1.20
WP_004568055.1	-
WP_004568054.1	-
WP_003856918.1	-
WP_004568053.1	-
WP_004568051.1	-
WP_004568050.1	2.8.1.7
WP_004568049.1	2.4.2.19
WP_004568048.1	2.5.1.72
WP_004568047.1	3.6.1.-
WP_004568046.1	-
WP_004568045.1	-
WP_004568043.1	-
WP_004568041.1	6.3.4.15
WP_004568039.1	-
WP_003862126.1	-
WP_003858582.1	1.14.13.2
WP_003858584.1	-
WP_003862124.1	3.6.3.-
WP_003862122.1	-
WP_003862121.1	2.7.1.22
WP_003862119.1	-
WP_003862117.1	-
WP_003862115.1	-
WP_003858595.1	1.11.1.15
WP_034983665.1	-
WP_003862112.1	-
WP_003862110.1	1.1.1.169
WP_003858604.1	-
WP_003862106.1	-
WP_003862104.1	3.4.21.-
WP_003862103.1	1.20.4.1
WP_003862101.1	-
WP_003858618.1	-
WP_003858620.1	-
WP_003858622.1	-
WP_003862094.1	-
WP_034983670.1	-
WP_003858631.1	-
WP_003862086.1	2.6.1.83
WP_170844391.1	-
WP_034983672.1	-
WP_003863791.1	-
WP_003863792.1	-
WP_003863793.1	3.5.1.18
WP_003863794.1	3.2.2.-
WP_003855021.1	-
WP_003863795.1	3.1.3.-
WP_003863796.1	-
WP_003855015.1	-
WP_003855010.1	2.1.1.-
WP_003863797.1	3.2.1.26
WP_003863798.1	2.4.-.-
WP_003863799.1	2.7.7.27
WP_003863800.1	2.1.1.-
WP_003863801.1	-
WP_003854996.1	-
WP_003854995.1	-
WP_003863802.1	-
WP_003854990.1	-
WP_003863803.1	-
WP_003863804.1	-
WP_003863805.1	4.1.1.71
WP_003863806.1	3.6.3.44
WP_003854977.1	-
WP_003854975.1	1.1.1.25
WP_003863808.1	-
WP_003863809.1	-
WP_003863810.1	-
WP_003863811.1	-
WP_003863812.1	-
WP_003863813.1	2.1.1.14
WP_003863814.1	-
WP_003863815.1	1.14.13.-
WP_003863816.1	-
WP_003863817.1	3.1.1.-
WP_003863818.1	3.6.1.-
WP_003863819.1	2.3.1.-
WP_003861230.1	-
WP_193352736.1	-
WP_003861234.1	1.10.3.-
WP_003861236.1	1.10.3.-
WP_003861238.1	-
WP_003861240.1	3.1.-.-
WP_003861242.1	-
WP_003861243.1	-
WP_003861245.1	3.6.4.-
WP_003861247.1	3.1.21.4
WP_003861250.1	2.1.1.37
WP_003861251.1	-
WP_040072671.1	3.6.4.13
WP_003861254.1	-
WP_003861257.1	3.1.-.-
WP_003861259.1	-
WP_003861261.1	2.3.1.-
WP_003861264.1	-
WP_034983683.1	3.1.4.-
WP_003861267.1	-
WP_003861273.1	-
WP_003861276.1	-
WP_003861279.1	-
WP_003861281.1	-
WP_003861283.1	-
WP_003861284.1	-
WP_003861285.1	3.6.3.3
WP_003861288.1	3.4.-.-
WP_003861289.1	6.1.1.19
WP_003861293.1	4.1.1.20
WP_003861298.1	-
WP_003854891.1	1.7.99.4
WP_003861299.1	-
WP_003861300.1	1.7.99.4
WP_003861302.1	1.7.99.4
WP_003861304.1	-
WP_003861306.1	-
WP_003861308.1	-
WP_034983685.1	-
WP_003861312.1	2.7.7.77
WP_003861314.1	2.10.1.1
WP_003861315.1	4.1.99.22
WP_034983687.1	6.2.1.-
WP_003861319.1	3.6.4.-
WP_003861320.1	-
WP_046552182.1	2.1.1.297
WP_003861324.1	2.7.7.87
WP_003861326.1	2.7.8.35
WP_003854858.1	-
WP_003854856.1	-
WP_003854855.1	-
WP_003861329.1	-
WP_003861332.1	3.6.3.14
WP_003861334.1	-
WP_003854831.1	-
WP_003854826.1	5.1.99.1
WP_003854825.1	-
WP_003861342.1	-
WP_003861344.1	1.14.14.5
WP_003861347.1	-
WP_003861349.1	3.6.3.-
WP_003854814.1	-
WP_003861351.1	2.4.1.18
WP_003861353.1	2.4.99.16
WP_003861355.1	-
WP_003861358.1	3.6.1.-
WP_003861360.1	2.1.1.242
WP_003861363.1	-
WP_003861366.1	-
WP_003861369.1	2.8.1.7
WP_231107905.1	-
WP_003861372.1	2.7.1.-
WP_003861374.1	-
WP_003861377.1	2.5.1.16
WP_003861379.1	-
WP_003861380.1	-
WP_003861384.1	4.1.1.31
WP_003854772.1	-
WP_003861387.1	3.1.11.-
WP_003861388.1	6.5.1.2
WP_003861389.1	-
WP_003861392.1	6.3.5.7
WP_003861394.1	1.16.1.9
WP_003861398.1	2.7.1.11
WP_003861400.1	-
WP_044394345.1	1.21.4.3
WP_003861405.1	2.3.1.-
WP_003861407.1	-
WP_003854741.1	-
WP_003861409.1	6.3.5.-
WP_170844363.1	-
WP_003861413.1	1.1.1.-
WP_003854734.1	-
WP_003861415.1	-
WP_003861417.1	1.8.5.1
WP_034983696.1	3.1.-.-
WP_003861420.1	-
WP_003861423.1	-
WP_034983703.1	-
WP_003861427.1	2.2.1.6
WP_003861429.1	2.2.1.6
WP_003861438.1	4.-.-.-
WP_003861440.1	-
WP_003861442.1	-
WP_034983704.1	3.1.11.7
WP_003861445.1	-
WP_003861446.1	-
WP_003861448.1	2.4.2.-
WP_003861451.1	1.1.1.95
WP_003861453.1	-
WP_003861455.1	1.1.1.85
WP_003861456.1	-
WP_003861458.1	2.7.7.42
WP_003861460.1	3.1.13.-
WP_003861462.1	-
WP_003861464.1	2.1.1.67
WP_003861465.1	5.4.4.2
WP_003861469.1	-
WP_003861470.1	-
WP_003861472.1	-
WP_003861479.1	-
WP_040072693.1	2.4.1.1
WP_003861492.1	3.1.3.16
WP_003861494.1	-
WP_003861495.1	-
WP_003861499.1	-
WP_003861501.1	4.2.1.33
WP_003861502.1	4.2.1.33
WP_198303639.1	3.1.3.-
WP_003861506.1	6.3.2.4
WP_003861507.1	-
WP_003861508.1	2.7.4.16
WP_034983708.1	3.2.2.27
WP_003861511.1	3.6.4.-
WP_003858832.1	-
WP_003861513.1	2.1.1.-
WP_003858826.1	-
WP_003858824.1	-
WP_040072700.1	-
WP_003858818.1	-
WP_003861517.1	-
WP_003858814.1	-
WP_003861519.1	-
WP_003858809.1	3.1.21.4
WP_003861521.1	1.-.-.-
WP_003858801.1	-
WP_003858795.1	-
WP_011265729.1	-
WP_003861526.1	-
WP_227747764.1	3.4.21.-
WP_003858787.1	-
WP_003858785.1	-
WP_208396117.1	-
WP_003858781.1	-
WP_003861533.1	2.7.7.7
WP_003861536.1	-
WP_003861538.1	-
WP_003861539.1	2.7.1.-
WP_003861541.1	2.7.1.24
WP_003861545.1	-
WP_003861547.1	-
WP_003861548.1	3.2.2.-
WP_003861550.1	-
WP_003861553.1	2.7.1.15
WP_003861555.1	-
WP_003861558.1	-
WP_003861562.1	-
WP_003861564.1	-
WP_003861566.1	-
WP_003861568.1	1.1.1.-
WP_003861570.1	-
WP_003861571.1	-
WP_003861573.1	3.1.2.6
WP_003861576.1	-
WP_034983718.1	-
WP_003861579.1	-
WP_003861581.1	-
WP_044394808.1	-
WP_003858715.1	-
WP_003861583.1	-
WP_003861585.1	3.6.3.20
WP_003861586.1	-
WP_003858706.1	2.1.1.-
WP_011897202.1	6.1.1.20
WP_003861589.1	6.1.1.20
WP_003858702.1	3.1.1.3
WP_003861591.1	2.3.1.-
WP_003861594.1	-
WP_003861597.1	1.2.1.38
WP_003861599.1	2.3.1.35
WP_003861602.1	2.6.1.11
WP_003858685.1	2.1.3.3
WP_003861605.1	4.3.2.1
WP_003858673.1	-
WP_003861608.1	-
WP_034983722.1	6.1.1.1
WP_003861612.1	-
WP_003863789.1	-
WP_003863788.1	4.1.1.3
WP_003856298.1	-
WP_003856296.1	2.1.1.-
WP_003863787.1	2.7.1.23
WP_003863786.1	-
WP_003863785.1	6.3.2.31
WP_003863784.1	-
WP_003863782.1	-
WP_003863781.1	-
WP_003856271.1	2.3.1.-
WP_003863779.1	2.8.1.2
WP_011014356.1	-
WP_003863777.1	5.4.99.22
WP_003863776.1	2.7.4.25
WP_170844393.1	-
WP_003863774.1	-
WP_003863773.1	-
WP_034983724.1	2.1.1.-
WP_003863769.1	-
WP_003863768.1	-
WP_003863767.1	-
WP_003863766.1	-
WP_003863765.1	-
WP_003863763.1	-
WP_003856252.1	-
WP_003863762.1	-
WP_003856248.1	-
WP_003863761.1	-
WP_003863760.1	-
WP_003863759.1	2.1.1.148
WP_003856239.1	-
WP_003863758.1	-
WP_094244227.1	3.6.4.13
WP_003863756.1	1.1.1.44
WP_003863755.1	3.1.2.-
WP_003863754.1	2.7.4.2
WP_003863753.1	-
WP_003856226.1	-
WP_003863751.1	-
WP_003863750.1	-
WP_003863749.1	3.6.3.28
WP_003863748.1	-
WP_230471393.1	3.-.-.-
WP_003863747.1	2.7.4.7
WP_003863746.1	2.7.1.50
WP_003863745.1	1.6.-.-
WP_003856209.1	2.1.1.-
WP_003856206.1	-
WP_003856205.1	2.4.2.22
WP_003863744.1	-
WP_003863743.1	-
WP_003863742.1	-
WP_034983738.1	-
WP_003863740.1	-
WP_003863739.1	-
WP_003863738.1	-
WP_003863737.1	-
WP_003863735.1	-
WP_003856192.1	3.6.1.11
WP_003863734.1	2.3.1.-
WP_003856190.1	-
WP_034983451.1	-
WP_003859976.1	-
WP_003859978.1	-
WP_003859982.1	3.1.1.3
WP_094244228.1	4.1.2.43
WP_003859985.1	2.1.1.-
WP_003859987.1	2.7.7.-
WP_003859989.1	1.1.1.-
WP_003859991.1	3.4.11.9
WP_003859992.1	3.4.21.-
WP_003859995.1	-
WP_003856179.1	-
WP_003859997.1	-
WP_003859999.1	-
WP_003860001.1	-
WP_230622938.1	6.3.1.19
WP_003860003.1	6.3.2.2
WP_011265753.1	-
WP_003860005.1	2.1.1.220
WP_094244229.1	3.4.11.-
WP_003856159.1	-
WP_003856157.1	-
WP_003860007.1	-
WP_003860008.1	4.3.1.1
WP_003860009.1	2.4.2.17
WP_003860010.1	3.1.3.50
WP_003860011.1	2.1.1.13
WP_044395104.1	-
WP_003860013.1	1.5.1.-
WP_003860014.1	-
WP_044395107.1	-
WP_003860016.1	3.1.3.2
WP_003860017.1	2.7.11.33
WP_003860020.1	-
WP_003860022.1	6.3.1.13
WP_003856126.1	1.1.1.-
WP_003860029.1	1.3.5.2
WP_034983451.1	-
WP_034983145.1	-
WP_003856120.1	-
WP_003856119.1	-
WP_003862337.1	-
WP_003862335.1	-
WP_003862331.1	2.3.-.-
WP_003862329.1	3.6.-.-
WP_003862325.1	5.4.99.2
WP_003862323.1	5.4.99.2
WP_198303630.1	-
WP_003862320.1	-
WP_003862318.1	-
WP_003862316.1	-
WP_003862313.1	-
WP_034983747.1	-
WP_003862309.1	4.99.1.1
WP_003862307.1	-
WP_170844367.1	4.2.1.99
WP_003862305.1	6.3.5.2
WP_034983751.1	-
WP_003856098.1	-
WP_003862300.1	-
WP_003862299.1	-
WP_003862298.1	3.6.3.-
WP_003862296.1	-
WP_003862290.1	-
WP_003856083.1	-
WP_003856080.1	1.6.5.11
WP_003862289.1	2.8.1.7
WP_003862288.1	-
WP_003862287.1	-
WP_003862284.1	-
WP_003862280.1	3.6.3.-
WP_003862278.1	-
WP_003862276.1	1.3.-.-
WP_003862275.1	2.7.7.-
WP_230622944.1	2.5.1.-
WP_003862269.1	2.2.1.1
WP_003856053.1	2.2.1.2
WP_003862267.1	1.1.1.49
WP_003862265.1	-
WP_003862263.1	3.1.1.31
WP_003862261.1	1.5.3.1
WP_003862260.1	4.3.1.12
WP_003862259.1	-
WP_003856037.1	-
WP_003862256.1	4.1.1.31
WP_003862254.1	5.3.1.1
WP_003862246.1	-
WP_003862243.1	-
WP_003862241.1	-
WP_003862239.1	4.1.99.12
WP_003862237.1	2.5.1.9
WP_003862235.1	1.1.1.193
WP_003862233.1	5.1.3.1
WP_003862227.1	3.6.4.-
WP_003862225.1	2.5.1.6
WP_003862223.1	6.3.2.5
WP_003855993.1	2.7.7.6
WP_003855988.1	2.7.4.8
WP_003862221.1	-
WP_003862215.1	6.3.5.5
WP_003862213.1	3.5.2.3
WP_094244231.1	2.4.2.9
WP_003855978.1	-
WP_003855977.1	-
WP_003862204.1	-
WP_003862202.1	-
WP_003862200.1	-
WP_003862198.1	3.4.11.9
WP_003862197.1	4.2.3.4
WP_003855969.1	2.7.1.71
WP_003862196.1	4.2.3.5
WP_003862195.1	3.4.23.43
WP_003862194.1	-
WP_003862193.1	-
WP_003862176.1	-
WP_003862174.1	-
WP_003862173.1	1.1.1.25
WP_003862171.1	2.7.11.1
WP_003862169.1	3.1.-.-
WP_003862167.1	6.1.1.7
WP_003855936.1	-
WP_003855934.1	-
WP_003862165.1	6.1.1.23
WP_003862161.1	-
WP_080708836.1	3.6.4.-
WP_003862157.1	-
WP_003862155.1	-
WP_003862153.1	-
WP_003862150.1	-
WP_003862148.1	1.14.14.3
WP_003862146.1	1.5.1.38
WP_011014507.1	4.3.1.17
WP_034983767.1	1.1.5.3
WP_003862140.1	6.1.1.21
WP_011014510.1	3.-.-.-
WP_003855913.1	5.2.1.8
WP_003862136.1	-
WP_003862133.1	-
WP_034983522.1	-
WP_003855909.1	2.4.2.7
WP_003859904.1	-
WP_003859902.1	-
WP_003859900.1	-
WP_003859898.1	-
WP_003855900.1	-
WP_003859892.1	-
WP_003859891.1	3.1.2.-
WP_003859889.1	-
WP_003855892.1	-
WP_003859886.1	2.4.1.345
WP_094244232.1	2.3.-.-
WP_003859881.1	3.-.-.-
WP_003859880.1	6.1.1.3
WP_003859878.1	1.11.1.-
WP_003859876.1	-
WP_003859875.1	-
WP_003859871.1	-
WP_003859870.1	-
WP_003859868.1	1.1.1.302
WP_003857328.1	1.8.4.12
WP_003859864.1	1.11.1.-
WP_003859862.1	-
WP_003859858.1	2.2.1.7
WP_003857336.1	2.1.1.-
WP_003859857.1	-
WP_003859855.1	3.6.1.23
WP_003859852.1	-
WP_003859850.1	-
WP_003857344.1	-
WP_003859848.1	3.1.3.25
WP_003859845.1	2.7.1.63
WP_003859843.1	-
WP_003859841.1	-
WP_003859840.1	-
WP_003859837.1	-
WP_003857359.1	-
WP_034983773.1	-
WP_003859833.1	2.1.1.-
WP_003857368.1	-
WP_003857371.1	-
WP_003859828.1	5.1.3.2
WP_230622947.1	-
WP_003859825.1	-
WP_170844368.1	3.6.4.12
WP_003859821.1	-
WP_003859820.1	-
WP_003859818.1	3.6.4.13
WP_003857389.1	3.4.21.88
WP_003857391.1	-
WP_003859812.1	-
WP_034983775.1	2.7.3.9
WP_003857397.1	-
WP_003859809.1	2.7.1.56
WP_046552185.1	2.7.1.202
WP_003857409.1	-
WP_003859806.1	-
WP_003859804.1	-
WP_003859800.1	-
WP_003859799.1	-
WP_034983780.1	5.1.1.7
WP_003859797.1	2.5.1.75
WP_003859796.1	-
WP_003859794.1	-
WP_003859793.1	2.3.1.-
WP_034983782.1	-
WP_003861637.1	-
WP_003861639.1	2.8.4.3
WP_003861640.1	-
WP_003861643.1	-
WP_003861644.1	-
WP_003861647.1	-
WP_230622949.1	-
WP_003861651.1	-
WP_003861653.1	3.6.3.-
WP_003861655.1	-
WP_003857458.1	-
WP_003861658.1	-
WP_003861660.1	2.7.8.5
WP_003857466.1	-
WP_003861662.1	-
WP_003861665.1	-
WP_003861666.1	-
WP_003857476.1	3.1.-.-
WP_003861670.1	4.3.3.7
WP_003861673.1	1.3.7.3
WP_003861674.1	1.17.1.8
WP_003861678.1	2.7.7.8
WP_003857483.1	3.2.-.-
WP_011014798.1	2.7.7.2
WP_003861683.1	5.4.99.25
WP_003861685.1	2.7.8.-
WP_003861687.1	-
WP_003861690.1	-
WP_003861692.1	3.6.1.11
WP_003861696.1	-
WP_003861698.1	-
WP_003861701.1	-
WP_003861703.1	-
WP_034983788.1	-
WP_003861705.1	-
WP_003861707.1	-
WP_003861710.1	3.6.3.-
WP_003861711.1	6.1.1.15
WP_003861712.1	-
WP_003861713.1	-
WP_003861714.1	6.6.1.1
WP_003861715.1	2.1.1.107
WP_003861716.1	-
WP_003861717.1	1.1.5.4
WP_003861718.1	-
WP_003861719.1	1.6.1.1
WP_170844370.1	3.4.11.18
WP_003861722.1	-
WP_003861723.1	-
WP_003861726.1	2.7.13.3
WP_094244233.1	-
WP_003857536.1	3.6.3.-
WP_230471492.1	1.17.7.3
WP_003861729.1	3.4.24.-
WP_034983794.1	1.1.1.267
WP_034983796.1	-
WP_003861735.1	-
WP_040072797.1	-
WP_003861743.1	-
WP_003861745.1	-
WP_003861748.1	-
WP_003861750.1	-
WP_003861752.1	-
WP_003861753.1	-
WP_003861755.1	-
WP_230622953.1	-
WP_094244234.1	-
WP_003861763.1	-
WP_003861765.1	1.11.1.-
WP_003861767.1	-
WP_003861770.1	-
WP_094244236.1	-
WP_040072804.1	-
WP_003861784.1	-
WP_003861785.1	-
WP_003861787.1	-
WP_003861788.1	-
WP_003861790.1	3.1.-.-
WP_003861792.1	-
WP_003861794.1	-
WP_003861795.1	-
WP_230622954.1	-
WP_003861802.1	-
WP_003861805.1	-
WP_003861808.1	-
WP_003861809.1	-
WP_003861811.1	-
WP_144290594.1	-
WP_003861816.1	-
WP_003861818.1	-
WP_231640527.1	-
WP_034983800.1	-
WP_003861824.1	3.1.-.-
WP_003861825.1	-
WP_051665814.1	-
WP_003861828.1	-
WP_003861829.1	-
WP_003861830.1	-
WP_003861834.1	3.1.22.4
WP_040072814.1	-
WP_003861838.1	-
WP_003861839.1	-
WP_003861841.1	-
WP_003861842.1	-
WP_003861844.1	3.1.-.-
WP_003861846.1	-
WP_044394284.1	-
WP_003861851.1	-
WP_003861854.1	-
WP_003861861.1	3.1.-.-
WP_094244237.1	-
WP_003861865.1	-
WP_034983802.1	-
WP_003861871.1	-
WP_034983804.1	-
WP_003861878.1	-
WP_003861879.1	-
WP_003861880.1	-
WP_003861883.1	-
WP_034983805.1	-
WP_094244238.1	-
WP_003857573.1	-
WP_003861890.1	3.1.26.4
WP_003861891.1	3.4.21.89
WP_170844373.1	-
WP_003861893.1	2.5.1.3
WP_003861894.1	1.4.3.19
WP_003857586.1	-
WP_003861896.1	2.7.7.80
WP_003861897.1	-
WP_094244239.1	-
WP_003861900.1	5.5.1.2
WP_034983812.1	-
WP_003861903.1	-
WP_044394231.1	2.1.1.228
WP_003861907.1	-
WP_003861909.1	-
WP_003861911.1	-
WP_003856343.1	-
WP_003856346.1	-
WP_003861914.1	-
WP_003861916.1	3.6.3.-
WP_003861918.1	-
WP_003861920.1	3.1.4.-
WP_003856355.1	-
WP_003856357.1	-
WP_094244240.1	-
WP_003861922.1	2.1.1.56
WP_003861924.1	-
WP_003861928.1	-
WP_003861930.1	-
WP_003861933.1	-
WP_003861935.1	-
WP_003861937.1	3.2.2.23
WP_003861940.1	-
WP_003861943.1	-
WP_003861945.1	-
WP_003861946.1	-
WP_003861948.1	2.7.1.31
WP_003861950.1	-
WP_003861953.1	2.7.7.12
WP_003861955.1	3.5.1.-
WP_003861957.1	-
WP_003861959.1	-
WP_003856399.1	1.13.-.-
WP_003861967.1	4.1.1.48
WP_003856408.1	-
WP_003861968.1	3.1.3.25
WP_003856420.1	2.4.2.-
WP_003861970.1	3.1.21.3
WP_003861972.1	-
WP_034983816.1	2.1.1.72
WP_034984004.1	-
WP_003861981.1	-
WP_003856427.1	1.1.1.23
WP_003861986.1	-
WP_003861988.1	-
WP_003856432.1	-
WP_003861991.1	-
WP_003861993.1	3.6.3.-
WP_003861995.1	2.1.1.201
WP_003861998.1	5.1.3.-
WP_003862000.1	1.-.-.-
WP_094244241.1	-
WP_003862005.1	3.6.3.-
WP_034983819.1	-
WP_003856449.1	-
WP_003862011.1	-
WP_003862015.1	-
WP_003862017.1	5.4.99.15
WP_003862018.1	-
WP_003862021.1	1.5.98.2
WP_003862023.1	-
WP_003862025.1	-
WP_003862026.1	-
WP_034983822.1	3.2.1.141
WP_232508455.1	-
WP_094244242.1	-
WP_003860413.1	-
WP_003856473.1	5.3.1.5
WP_003860412.1	2.7.7.7
WP_003860411.1	-
WP_003860410.1	-
WP_003856488.1	5.4.99.-
WP_003860409.1	3.4.23.36
WP_003860407.1	-
WP_003860406.1	-
WP_003860404.1	-
WP_003860401.1	3.5.1.1
WP_003860394.1	-
WP_003860392.1	-
WP_094244243.1	-
WP_003860387.1	6.1.1.5
WP_003860384.1	-
WP_003860382.1	-
WP_003856516.1	-
WP_003860380.1	-
WP_003860378.1	1.10.3.-
WP_003860377.1	-
WP_230622959.1	6.3.2.8
WP_003860372.1	2.4.1.227
WP_003860368.1	2.4.1.129
WP_003860365.1	6.3.2.9
WP_003860363.1	6.3.2.10
WP_003856539.1	6.3.2.13
WP_003860362.1	-
WP_080708839.1	-
WP_003860358.1	-
WP_003860357.1	2.3.1.-
WP_011014930.1	1.5.1.20
WP_003860352.1	2.5.1.10
WP_003860342.1	-
WP_003856558.1	-
WP_034983834.1	2.7.11.1
WP_003860337.1	-
WP_003856581.1	2.5.1.54
WP_003856583.1	3.1.11.-
WP_003860335.1	-
WP_003859677.1	-
WP_003859675.1	2.1.-.-
WP_003859674.1	2.3.1.40
WP_003859672.1	2.7.1.60
WP_003859670.1	2.4.-.-
WP_003859668.1	3.4.-.-
WP_003859666.1	3.4.-.-
WP_003859665.1	1.10.2.2
WP_003859663.1	-
WP_003859655.1	1.9.3.1
WP_003859654.1	1.9.3.1
WP_003859651.1	6.3.5.4
WP_003856623.1	-
WP_186458865.1	-
WP_003859648.1	2.7.7.62
WP_003856626.1	2.4.2.21
WP_094244245.1	2.7.8.26
WP_003859645.1	2.6.1.42
WP_003856631.1	-
WP_034983836.1	2.3.1.61
WP_003859641.1	-
WP_003856936.1	-
WP_003859638.1	6.3.1.2
WP_003859637.1	-
WP_003859636.1	5.3.1.8
WP_003859635.1	3.6.1.-
WP_003859633.1	2.7.1.202
WP_003859631.1	-
WP_003859629.1	4.2.3.1
WP_003856951.1	-
WP_040072850.1	-
WP_003859624.1	-
WP_003859622.1	1.14.14.18
WP_003859620.1	2.7.7.89
WP_003859618.1	6.3.1.2
WP_003859611.1	-
WP_003859610.1	-
WP_003859607.1	-
WP_003856970.1	-
WP_003856972.1	3.1.13.1
WP_003859605.1	3.1.26.4
WP_003859603.1	-
WP_003859601.1	-
WP_003859599.1	3.1.3.18
WP_003859595.1	-
WP_003856989.1	1.2.4.1
WP_003859593.1	-
WP_003856992.1	-
WP_003856994.1	-
WP_003859588.1	3.1.1.-
WP_003859586.1	-
WP_003859582.1	3.1.3.-
WP_003859580.1	-
WP_003857008.1	-
WP_003857011.1	2.5.1.29
WP_003859576.1	-
WP_003859572.1	-
WP_003859570.1	3.1.3.1
WP_003859568.1	3.5.4.19
WP_003859566.1	-
WP_003859563.1	2.7.7.-
WP_003859561.1	3.1.27.-
WP_003857033.1	-
WP_003859555.1	-
WP_003859552.1	-
WP_003859550.1	-
WP_003859548.1	-
WP_011015006.1	-
WP_003857049.1	-
WP_230582021.1	-
WP_046552190.1	-
WP_003859467.1	-
WP_034983842.1	2.5.1.-
WP_003859464.1	-
WP_003859459.1	-
WP_230471495.1	-
WP_011015014.1	2.1.1.193
WP_003859451.1	-
WP_034983843.1	1.3.99.-
WP_003859446.1	-
WP_003859444.1	-
WP_003859442.1	-
WP_003859440.1	6.2.1.3
WP_003859437.1	2.4.1.25
WP_003859435.1	3.6.3.42
WP_003859434.1	-
WP_003859432.1	-
WP_003859430.1	3.4.15.5
WP_003859429.1	3.1.1.3
WP_003859426.1	2.7.11.1
WP_003859424.1	5.3.3.2
WP_034983849.1	-
WP_003859420.1	-
WP_003859418.1	-
WP_003859416.1	2.6.1.57
WP_080708840.1	-
WP_003859412.1	-
WP_003859411.1	-
WP_003859408.1	-
WP_003859406.1	3.1.-.-
WP_034983851.1	-
WP_003859402.1	-
WP_003859398.1	-
WP_003859396.1	-
WP_003859394.1	-
WP_094244246.1	3.6.3.-
WP_003859391.1	3.1.4.-
WP_003859389.1	2.7.1.15
WP_003859386.1	-
WP_003859383.1	-
WP_003859381.1	5.1.3.15
WP_003859379.1	2.3.3.9
WP_003859367.1	-
WP_003859365.1	-
WP_003859362.1	-
WP_003859360.1	-
WP_094244247.1	3.1.-.-
WP_003859356.1	-
WP_230622968.1	-
WP_003859352.1	-
WP_003859347.1	3.6.5.-
WP_094244248.1	-
WP_003859341.1	-
WP_003859340.1	-
WP_003859338.1	-
WP_003859335.1	-
WP_003859333.1	4.2.99.-
WP_003859331.1	-
WP_003859329.1	5.4.2.-
WP_003859327.1	-
WP_034983856.1	2.7.7.18
WP_003859323.1	3.1.1.3
WP_003859313.1	3.6.5.-
WP_034983857.1	-
WP_003859307.1	-
WP_003859305.1	-
WP_003859300.1	3.1.26.12
WP_034984015.1	2.1.1.86
WP_003859297.1	1.13.11.24
WP_003859295.1	-
WP_003859291.1	-
WP_003859290.1	-
WP_003859287.1	-
WP_034983861.1	6.1.1.9
WP_003859281.1	-
WP_003859279.1	-
WP_003859278.1	3.2.2.-
WP_003859276.1	1.1.1.37
WP_003859274.1	-
WP_003859272.1	-
WP_003859270.1	1.14.13.82
WP_003859269.1	1.-.-.-
WP_003859266.1	-
WP_003859264.1	-
WP_003859261.1	-
WP_003859259.1	3.1.1.-
WP_003859257.1	2.8.3.5
WP_003859254.1	2.8.3.6
WP_003859253.1	-
WP_003859251.1	2.3.1.174
WP_003859248.1	3.1.1.24
WP_003859246.1	-
WP_003859243.1	-
WP_003859239.1	1.13.11.3
WP_003859237.1	1.13.11.3
WP_003859235.1	-
WP_003859234.1	5.3.3.4
WP_003859230.1	1.13.11.1
WP_003859228.1	1.14.12.12
WP_003859227.1	1.14.12.-
WP_003859226.1	1.-.-.-
WP_003859225.1	1.3.1.25
WP_003859223.1	-
WP_094244249.1	-
WP_003859220.1	3.4.21.92
WP_003859219.1	5.2.1.8
WP_003859218.1	-
WP_003859217.1	3.5.2.6
WP_003859216.1	-
WP_003859215.1	-
WP_080708842.1	-
WP_003859213.1	-
WP_003859212.1	-
WP_003859211.1	5.3.1.6
WP_003859210.1	-
WP_003859209.1	-
WP_003859208.1	-
WP_003859207.1	-
WP_080708844.1	3.2.1.17
WP_003859205.1	-
WP_003859203.1	-
WP_003859202.1	-
WP_003859201.1	-
WP_003859200.1	-
WP_003859199.1	-
WP_144290600.1	-
WP_003859197.1	-
WP_003859196.1	-
WP_144290601.1	-
WP_003859194.1	-
WP_003859193.1	-
WP_003859192.1	-
WP_003859191.1	-
WP_003859190.1	-
WP_003859189.1	-
WP_003859188.1	3.4.21.-
WP_003859187.1	-
WP_144290602.1	-
WP_003859185.1	-
WP_003859183.1	-
WP_003859182.1	-
WP_003859181.1	-
WP_003859180.1	-
WP_003859179.1	-
WP_003859178.1	3.1.-.-
WP_003859177.1	-
WP_003859176.1	-
WP_003859175.1	-
WP_003859173.1	-
WP_003859172.1	-
WP_144290603.1	-
WP_046552194.1	-
WP_003859163.1	-
WP_003859161.1	-
WP_003859155.1	-
WP_003859153.1	-
WP_003859151.1	-
WP_003859149.1	-
WP_003859147.1	2.1.1.148
WP_003859145.1	-
WP_230622970.1	-
WP_003859140.1	-
WP_003859139.1	-
WP_003859137.1	-
WP_003859136.1	-
WP_003859134.1	-
WP_003859132.1	-
WP_158024324.1	-
WP_144290604.1	-
WP_144290605.1	-
WP_003859121.1	3.1.-.-
WP_040072904.1	-
WP_040072905.1	-
WP_040072906.1	-
WP_044394326.1	-
WP_040072907.1	-
WP_040072908.1	-
WP_040072909.1	-
WP_040072910.1	-
WP_040072911.1	-
WP_040072913.1	-
WP_040072914.1	-
WP_046552195.1	-
WP_046552196.1	-
WP_040072918.1	-
WP_046552197.1	3.1.11.5
WP_003863674.1	-
WP_034983121.1	-
WP_003863671.1	1.11.1.15
WP_094244250.1	3.6.3.-
WP_003863669.1	-
WP_003863668.1	-
WP_003863667.1	-
WP_003863666.1	1.-.-.-
WP_003863665.1	2.6.1.82
WP_003860915.1	-
WP_003860913.1	1.-.-.-
WP_003860910.1	-
WP_003860908.1	2.5.1.48
WP_003860904.1	-
WP_003860902.1	-
WP_003860900.1	3.6.1.27
WP_003860898.1	-
WP_003860897.1	3.1.2.-
WP_003860895.1	-
WP_003860894.1	-
WP_003860893.1	-
WP_003860887.1	-
WP_003860886.1	-
WP_003860885.1	-
WP_003860884.1	-
WP_003860883.1	3.1.3.-
WP_003860882.1	3.6.3.20
WP_232508458.1	-
WP_230622973.1	-
WP_003860869.1	1.1.1.1
WP_003860867.1	-
WP_003860864.1	-
WP_003860862.1	3.5.1.19
WP_003860859.1	2.8.1.13
WP_003860855.1	1.1.1.85
WP_003860853.1	5.3.1.22
WP_003860851.1	1.-.-.-
WP_003860845.1	5.1.-.-
WP_040072933.1	-
WP_034983133.1	5.3.1.12
WP_003860831.1	2.7.1.12
WP_046552198.1	-
WP_034983134.1	3.5.1.19
WP_003857689.1	-
WP_034983135.1	1.11.1.15
WP_034983137.1	2.7.8.7
WP_231640538.1	-
WP_230622975.1	-
WP_034983451.1	-
WP_040967428.1	-
WP_046552200.1	4.2.1.59
WP_003857695.1	-
WP_034983148.1	1.1.1.30
WP_034983149.1	-
WP_003857696.1	-
WP_034983151.1	-
WP_034983152.1	3.1.-.-
WP_051665806.1	-
WP_074495111.1	-
WP_003860319.1	-
WP_003860317.1	-
WP_003860315.1	3.6.1.66
WP_003860313.1	2.7.7.56
WP_003860312.1	-
WP_003857989.1	4.2.1.-
WP_003860311.1	5.1.1.3
WP_034983157.1	-
WP_003860308.1	-
WP_003860306.1	3.4.21.105
WP_034983158.1	3.1.3.11
WP_003860301.1	-
WP_011897801.1	-
WP_003860299.1	-
WP_003860297.1	6.3.4.21
WP_003860294.1	3.6.4.12
WP_003860293.1	-
WP_031511615.1	3.1.4.-
WP_034983160.1	1.9.3.1
WP_003857961.1	1.17.4.1
WP_003860285.1	1.16.3.2
WP_227747767.1	-
WP_074495103.1	-
WP_003860278.1	1.17.4.1
WP_003857948.1	-
WP_003860276.1	6.3.1.5
WP_003860273.1	-
WP_003860272.1	-
WP_003860269.1	1.3.1.84
WP_003860267.1	4.2.1.79
WP_003860265.1	4.4.1.19
WP_094244253.1	-
WP_003860261.1	-
WP_003860259.1	-
WP_003860257.1	5.4.2.2
WP_003860255.1	-
WP_003860251.1	-
WP_003860250.1	-
WP_003860245.1	3.6.3.-
WP_003859472.1	2.1.1.163
WP_003857072.1	2.5.1.7
WP_003863166.1	2.5.1.17
WP_003863163.1	-
WP_003863161.1	2.5.1.47
WP_198303633.1	2.3.1.30
WP_003863159.1	-
WP_003863158.1	6.2.1.5
WP_003863154.1	4.2.1.51
WP_003863152.1	-
WP_003863150.1	2.8.3.-
WP_003858945.1	1.3.1.-
WP_034983171.1	-
WP_003858942.1	3.6.3.27
WP_003863146.1	-
WP_003863145.1	-
WP_003863142.1	2.3.1.-
WP_003863139.1	2.7.1.107
WP_034983173.1	4.1.3.38
WP_003863134.1	2.1.2.10
WP_003863131.1	-
WP_003863129.1	6.3.3.1
WP_162176046.1	2.4.2.14
WP_003863125.1	-
WP_003863123.1	4.2.1.-
WP_003854018.1	-
WP_003863120.1	6.3.5.3
WP_003854010.1	3.5.1.2
WP_003863116.1	1.11.1.15
WP_003863114.1	3.1.13.4
WP_003854006.1	-
WP_003863112.1	-
WP_003863111.1	3.4.21.83
WP_170844396.1	4.3.2.2
WP_003863106.1	2.6.1.-
WP_003863104.1	-
WP_003863102.1	2.1.1.-
WP_003863101.1	-
WP_003863100.1	2.6.1.62
WP_094244255.1	6.3.3.3
WP_003863097.1	-
WP_003863095.1	-
WP_003863093.1	5.1.1.1
WP_003863092.1	1.2.5.1
WP_003863090.1	-
WP_003863088.1	-
WP_003863087.1	-
WP_003863083.1	1.1.-.-
WP_003863080.1	4.-.-.-
WP_003863078.1	1.1.1.9
WP_003853965.1	-
WP_003853963.1	-
WP_003863068.1	2.3.1.20
WP_003853955.1	3.1.3.-
WP_003863065.1	-
WP_003853934.1	-
WP_003863060.1	2.4.1.15
WP_003863057.1	-
WP_003863055.1	3.1.3.3
WP_034983184.1	-
WP_003863049.1	-
WP_003853925.1	-
WP_003863047.1	-
WP_003863046.1	1.1.99.-
WP_003863042.1	1.-.-.-
WP_003863040.1	-
WP_003863034.1	2.1.1.-
WP_003863032.1	6.1.1.16
WP_003863030.1	2.7.1.-
WP_074496048.1	3.2.1.26
WP_003863025.1	3.5.99.6
WP_003863020.1	2.7.1.60
WP_003863008.1	-
WP_003863006.1	-
WP_003863005.1	4.6.1.12
WP_003863003.1	2.7.7.60
WP_003853867.1	-
WP_003863001.1	-
WP_003853863.1	2.7.13.3
WP_003862999.1	-
WP_011015292.1	3.6.4.-
WP_040072979.1	2.7.7.85
WP_034983188.1	-
WP_003862996.1	1.2.1.9
WP_003862994.1	4.2.1.1
WP_003862992.1	4.2.99.18
WP_003862989.1	-
WP_003862987.1	1.1.1.304
WP_034983190.1	2.1.1.56
WP_003862983.1	2.7.7.48
WP_003862981.1	-
WP_003862979.1	-
WP_003862977.1	2.1.1.296
WP_034983192.1	-
WP_003862972.1	-
WP_003862971.1	-
WP_003862969.1	-
WP_003862967.1	1.-.-.-
WP_034983294.1	-
WP_003862965.1	-
WP_003862963.1	1.14.13.7
WP_003862962.1	-
WP_040072988.1	-
WP_003862959.1	6.1.1.6
WP_003862958.1	6.3.2.1
WP_003862957.1	-
WP_040072989.1	-
WP_003853810.1	-
WP_003853808.1	2.7.6.3
WP_003853806.1	4.1.2.25
WP_011015316.1	3.5.4.16
WP_006285928.1	2.4.2.8
WP_003862953.1	6.3.4.19
WP_003862951.1	3.4.16.4
WP_003862949.1	3.6.1.1
WP_003862946.1	2.5.1.16
WP_003862943.1	-
WP_003853779.1	-
WP_003853776.1	-
WP_003862941.1	-
WP_003862932.1	2.6.1.87
WP_003862931.1	2.8.1.1
WP_003853761.1	-
WP_003862930.1	3.6.4.-
WP_003862928.1	1.2.1.79
WP_003862924.1	2.7.11.33
WP_003862922.1	-
WP_003862916.1	-
WP_003862915.1	-
WP_003853745.1	-
WP_034983199.1	-
WP_003862913.1	-
WP_003862912.1	-
WP_011015333.1	-
WP_003862910.1	-
WP_003862909.1	-
WP_003862908.1	3.4.13.-
WP_003862907.1	-
WP_003862904.1	-
WP_003853720.1	-
WP_003862901.1	-
WP_003862899.1	-
WP_003853711.1	-
WP_003853708.1	-
WP_003862897.1	-
WP_094244256.1	-
WP_003862892.1	2.3.1.-
WP_003853692.1	3.1.-.-
WP_003862891.1	2.7.8.-
WP_003862889.1	-
WP_170844397.1	-
WP_034983209.1	5.1.-.-
WP_003853677.1	-
WP_034983297.1	3.1.-.-
WP_003862881.1	3.6.1.9
WP_003862879.1	-
WP_003862877.1	2.7.11.1
WP_003862872.1	4.1.99.12
WP_003853658.1	1.18.1.2
WP_003862869.1	1.-.-.-
WP_003862867.1	-
WP_034983301.1	-
WP_003862861.1	-
WP_003862858.1	-
WP_003862856.1	-
WP_003862854.1	4.1.2.13
WP_031511861.1	3.6.1.-
WP_003862841.1	2.8.1.1
WP_003862839.1	-
WP_003862838.1	-
WP_003862836.1	-
WP_003862833.1	-
WP_003862831.1	-
WP_020948644.1	-
WP_003862828.1	-
WP_003862826.1	1.18.1.2
WP_003862824.1	2.3.1.-
WP_003862822.1	-
WP_003862818.1	-
WP_003862816.1	3.1.3.-
WP_003862813.1	-
WP_003862811.1	3.5.1.-
WP_011015384.1	-
WP_003862805.1	-
WP_003862803.1	1.2.1.3
WP_003862802.1	-
WP_094244257.1	-
WP_003862799.1	-
WP_003862798.1	-
WP_003862797.1	-
WP_011015392.1	3.2.2.9
WP_003862793.1	5.99.1.3
WP_003862790.1	-
WP_003862788.1	-
WP_003862786.1	-
WP_003862784.1	1.1.1.1
WP_003853549.1	-
WP_003862781.1	-
WP_003862780.1	-
WP_003862777.1	4.99.1.3
WP_003862775.1	2.7.7.4
WP_003862773.1	2.7.7.4
WP_003853535.1	1.8.7.1
WP_003853532.1	1.18.1.2
WP_003862769.1	-
WP_003862763.1	-
WP_003862761.1	-
WP_003862755.1	-
WP_003862752.1	-
WP_003862750.1	-
WP_003862747.1	-
WP_003862745.1	-
WP_003862743.1	-
WP_003862742.1	3.4.13.-
WP_046552203.1	3.6.3.-
WP_003862735.1	-
WP_003853500.1	-
WP_003862732.1	-
WP_003862730.1	3.8.1.10
WP_003862728.1	-
WP_157677922.1	-
WP_143854321.1	-
WP_143854322.1	-
WP_003862717.1	-
WP_003862716.1	3.2.-.-
WP_003862712.1	3.2.1.17
WP_003853495.1	-
WP_003862710.1	-
WP_003862708.1	3.2.2.20
WP_003862705.1	1.14.12.17
WP_003862703.1	-
WP_268988734.1	1.5.1.40
WP_003862691.1	2.6.1.2
WP_003862690.1	-
WP_034983223.1	1.1.1.22
WP_003862688.1	3.5.4.13
WP_003862687.1	-
WP_003862686.1	-
WP_034983226.1	3.2.1.52
WP_003862684.1	-
WP_003853449.1	-
WP_003862681.1	-
WP_003862680.1	-
WP_003862679.1	-
WP_003862677.1	2.4.1.132
WP_034983229.1	-
WP_094244258.1	2.1.1.64
WP_003862671.1	4.1.1.32
WP_003862669.1	-
WP_003862667.1	2.1.1.33
WP_003857880.1	-
WP_003862663.1	-
WP_003862662.1	-
WP_003857875.1	-
WP_003857874.1	6.4.1.3
WP_003862659.1	2.3.1.39
WP_003862656.1	6.2.1.3
WP_003862654.1	3.1.-.-
WP_003862652.1	-
WP_003862650.1	-
WP_003862648.1	-
WP_003862646.1	2.3.1.122
WP_040073042.1	2.7.-.-
WP_003862643.1	2.5.1.-
WP_003857853.1	-
WP_006284777.1	2.4.1.225
WP_003862641.1	-
WP_003862639.1	3.6.1.27
WP_003862637.1	-
WP_003862636.1	1.-.-.-
WP_003862633.1	5.4.99.9
WP_003862629.1	2.7.1.30
WP_003862627.1	3.1.3.-
WP_003862624.1	6.1.1.11
WP_003862616.1	-
WP_003862613.1	3.4.-.-
WP_003862611.1	3.1.3.-
WP_003862607.1	2.3.1.-
WP_170844380.1	2.1.1.-
WP_003862596.1	-
WP_003862594.1	1.7.99.1
WP_003862591.1	-
WP_003862588.1	-
WP_003862586.1	5.99.1.3
WP_003862584.1	1.1.1.27
WP_003862582.1	-
WP_003862580.1	3.1.3.-
WP_003862578.1	1.5.1.39
WP_003857756.1	-
WP_003862575.1	-
WP_003857751.1	-
WP_003862571.1	1.1.-.-
WP_003857743.1	-
WP_003857740.1	-
WP_003862569.1	-
WP_003862567.1	1.5.3.1
WP_003857735.1	2.8.4.1
WP_003862565.1	1.2.1.3
WP_003857732.1	1.4.1.-
WP_003857727.1	-
WP_003862564.1	3.5.1.-
WP_003862562.1	1.8.4.11
WP_003862560.1	1.15.1.1
WP_003862555.1	-
WP_044394987.1	-
WP_003862551.1	-
WP_003862550.1	-
WP_003858964.1	-
WP_003862549.1	-
WP_003862546.1	-
WP_003862544.1	-
WP_003862537.1	2.7.13.3
WP_003862535.1	-
WP_003858985.1	-
WP_034983240.1	3.4.-.-
WP_003862532.1	-
WP_034983244.1	-
WP_003862528.1	-
WP_003862525.1	-
WP_040073063.1	-
WP_003862519.1	3.1.3.15
WP_003863732.1	-
WP_003855053.1	-
WP_003859104.1	1.6.5.5
WP_003859107.1	-
WP_003862060.1	-
WP_003862062.1	-
WP_003862064.1	-
WP_003862069.1	-
WP_003862070.1	-
WP_003862071.1	-
WP_003862072.1	-
WP_003862073.1	-
WP_003859021.1	-
WP_003859023.1	1.16.1.1
WP_046552205.1	-
WP_011013963.1	-
WP_003860174.1	-
WP_034983343.1	-
WP_003860228.1	-
WP_034983345.1	2.3.1.20
WP_003860216.1	-
WP_003860209.1	-
WP_003860207.1	3.6.3.3
WP_015453112.1	-
WP_003860198.1	-
WP_003860196.1	-
WP_003860195.1	-
WP_003860194.1	-
WP_003860193.1	-
WP_003860192.1	-
WP_003860191.1	-
WP_003860188.1	-
WP_003860186.1	-
WP_034983351.1	-
WP_046552206.1	-
WP_003858644.1	4.1.1.39
WP_034983353.1	-
WP_034983355.1	-
WP_034983357.1	-
WP_003859486.1	1.-.-.-
WP_003859489.1	-
WP_094244260.1	-
WP_003859493.1	3.1.3.-
WP_231107863.1	-
WP_003859496.1	3.6.3.54
WP_003859498.1	-
WP_003859503.1	-
WP_003859505.1	-
WP_003859507.1	-
WP_003859509.1	-
WP_094244261.1	-
WP_094244262.1	-
WP_003859526.1	-
WP_003861174.1	-
WP_003861176.1	-
WP_003861178.1	-
WP_227747687.1	-
WP_074492884.1	-
WP_003861187.1	3.6.4.12
WP_003861189.1	-
WP_003855070.1	-
WP_003861194.1	-
WP_003861196.1	-
WP_003861197.1	2.4.1.129
WP_003855082.1	-
WP_003855083.1	-
WP_003861200.1	-
WP_003861203.1	-
WP_003861205.1	1.-.-.-
WP_003861208.1	-
WP_003855103.1	3.6.3.-
WP_003861210.1	-
WP_003861212.1	-
WP_003861216.1	-
WP_003861220.1	1.16.-.-
WP_003861221.1	4.2.99.18
WP_003861222.1	6.5.1.-
WP_003855120.1	2.1.1.63
WP_004567909.1	1.-.-.-
WP_034983381.1	-
WP_004567913.1	-
WP_004567915.1	1.1.1.38
WP_004567917.1	2.7.1.-
WP_034983383.1	-
WP_004567921.1	-
WP_004567922.1	1.16.1.1
WP_004567923.1	1.4.5.1
WP_231107869.1	-
WP_004567927.1	1.-.-.-
WP_004567929.1	-
WP_040073077.1	6.1.1.4
WP_004567933.1	-
WP_004567935.1	-
WP_004567937.1	4.1.1.68
WP_004567939.1	1.13.-.-
WP_004567940.1	-
WP_004567942.1	-
WP_004567943.1	1.14.13.-
WP_004567945.1	-
WP_003855171.1	-
WP_004567947.1	4.1.3.27
WP_004567948.1	4.1.3.27
WP_004567950.1	2.4.2.18
WP_004567952.1	4.1.1.48
WP_004567958.1	4.99.1.11
WP_004567959.1	-
WP_004567960.1	-
WP_003855195.1	-
WP_004567961.1	1.6.99.1
WP_003855200.1	-
WP_004567963.1	1.12.2.1
WP_004567965.1	-
WP_004567966.1	1.6.99.1
WP_004567968.1	1.3.1.24
WP_004567969.1	-
WP_004567970.1	-
WP_003855210.1	-
WP_004567972.1	1.-.-.-
WP_003855213.1	-
WP_004567976.1	-
WP_004567977.1	1.13.11.37
WP_004567978.1	1.3.1.32
WP_004567980.1	-
WP_004567981.1	-
WP_004567983.1	1.-.-.-
WP_004567985.1	4.-.-.-
WP_004567986.1	1.1.1.18
WP_004567988.1	1.-.-.-
WP_034983401.1	-
WP_004567991.1	-
WP_144290598.1	-
WP_004567997.1	3.6.1.31
WP_004567999.1	-
WP_004568001.1	-
WP_004568002.1	1.6.5.5
WP_004568004.1	-
WP_034983405.1	-
WP_074495354.1	-
WP_003860932.1	2.7.4.7
WP_003860935.1	-
WP_003860938.1	-
WP_094244263.1	-
WP_003860943.1	3.5.1.59
WP_003860944.1	3.5.2.9
WP_003860946.1	-
WP_003860950.1	-
WP_003860951.1	-
WP_003860953.1	-
WP_003860955.1	3.1.4.-
WP_011015620.1	4.3.3.6
WP_003860959.1	-
WP_003860961.1	3.1.3.36
WP_003860963.1	-
WP_003855300.1	1.8.1.9
WP_003860964.1	-
WP_003860966.1	-
WP_003860970.1	2.3.1.-
WP_003855307.1	-
WP_003855308.1	3.6.-.-
WP_003860973.1	-
WP_003860975.1	-
WP_230622865.1	-
WP_044394876.1	-
WP_003861088.1	-
WP_003861132.1	-
WP_003859919.1	3.4.19.-
WP_034983889.1	2.1.2.11
WP_034983891.1	3.6.4.13
WP_003857137.1	4.1.2.13
WP_231107820.1	-
WP_003863459.1	6.3.2.2
WP_094244264.1	-
WP_003863379.1	-
WP_003863358.1	2.3.3.13
WP_003863343.1	-
WP_003863284.1	3.6.4.-
WP_074496157.1	2.1.1.201
WP_034983894.1	-
WP_230622888.1	2.5.1.17
WP_198303637.1	-
WP_003859712.1	-
WP_003859713.1	-
WP_003859722.1	-
WP_034983907.1	3.4.11.18
WP_034983547.1	2.7.7.6
WP_003860543.1	-
WP_003860573.1	1.17.1.9
WP_003860660.1	-
WP_074506756.1	-
WP_003860735.1	-
WP_003854639.1	-
WP_003860784.1	4.1.3.30
WP_231107904.1	-
WP_003863612.1	6.3.4.15
WP_003863611.1	-
WP_034983926.1	-
WP_198303638.1	-
WP_329955344.1	-
WP_003858391.1	2.1.2.2
WP_003862420.1	3.1.3.-
WP_080708852.1	-
WP_003862445.1	-
WP_230622911.1	3.1.1.1
WP_003860162.1	-
WP_034983652.1	-
WP_034983949.1	3.6.1.9
WP_004568097.1	-
WP_003855001.1	-
WP_003863807.1	3.1.1.3
WP_231107904.1	-
WP_034983968.1	2.3.1.-
WP_011014230.1	-
WP_003861467.1	6.1.1.17
WP_003861474.1	-
WP_170844364.1	-
WP_003861510.1	-
WP_003863783.1	3.6.1.-
WP_003856274.1	3.6.-.-
WP_003863780.1	-
WP_034983726.1	-
WP_003863764.1	2.1.1.-
WP_074495288.1	-
WP_003856198.1	-
WP_044395111.1	-
WP_034983748.1	-
WP_232508451.1	-
WP_003862292.1	-
WP_003856069.1	-
WP_003862273.1	1.6.5.5
WP_003862231.1	2.1.1.176
WP_193352738.1	2.4.1.-
WP_003859860.1	3.1.-.-
WP_003859802.1	-
WP_003857447.1	-
WP_003857462.1	3.5.1.42
WP_003861676.1	-
WP_003861720.1	-
WP_003857552.1	2.7.7.41
WP_003861875.1	-
WP_034984000.1	-
WP_034984001.1	2.7.1.40
WP_074495239.1	2.4.99.-
WP_003862013.1	3.1.13.-
WP_162176047.1	-
WP_170844375.1	1.10.2.2
WP_003856628.1	1.-.-.-
WP_003859643.1	3.4.11.1
WP_003856982.1	3.1.3.48
WP_198303631.1	-
WP_003857035.1	2.6.1.16
WP_230622966.1	5.4.99.16
WP_011265923.1	-
WP_003859404.1	-
WP_003859350.1	-
WP_003859309.1	1.1.1.346
WP_003859293.1	-
WP_003859285.1	6.3.2.12
WP_034983864.1	5.5.1.2
WP_006287645.1	5.5.1.1
WP_198303632.1	-
WP_003859143.1	2.1.1.-
WP_040072916.1	-
WP_003860906.1	-
WP_003860847.1	-
WP_003860839.1	-
WP_003857691.1	-
WP_227747768.1	-
WP_003860248.1	-
WP_003859474.1	1.-.-.-
WP_034983274.1	6.2.1.5
WP_003858938.1	-
WP_003863140.1	-
WP_003863085.1	2.4.2.-
WP_034983278.1	1.4.1.16
WP_003853941.1	-
WP_034983280.1	-
WP_003863044.1	4.-.-.-
WP_230622982.1	-
WP_003863022.1	3.5.1.25
WP_232508461.1	-
WP_074495980.1	-
WP_003853803.1	2.5.1.15
WP_094244273.1	3.4.24.-
WP_003862902.1	-
WP_170844379.1	-
WP_003862859.1	-
WP_003862852.1	3.6.1.53
WP_003862844.1	-
WP_003862772.1	1.8.4.8
WP_003862721.1	-
WP_003862683.1	-
WP_034983309.1	3.5.1.28
WP_003857830.1	2.3.1.51
WP_003862621.1	-
WP_003862605.1	-
WP_231640530.1	-
WP_003862592.1	-
WP_003862573.1	-
WP_003863733.1	-
WP_003860230.1	-
WP_074495768.1	-
WP_094244274.1	-
WP_198303635.1	3.6.3.3
WP_003860214.1	-
WP_010889963.1	-
WP_010889963.1	-
WP_003859515.1	2.1.1.-
WP_003859529.1	-
WP_034983380.1	-
WP_011898106.1	-
WP_004567995.1	-
